write_status,cdli_id,live_cdli_id,factgrid_qid,artifact_label,live_label_en,live_description_en,period_property,period_qid,expected_period_label,write_note
ready,273286,P273286,Q2166396,Anonymous 273286 unpublished unassigned ?,Cuneiform Tablet P273286,CDLI artifact: tablet; modern; held by anonymous; CDLI P273286,P853,Q1349999,modern,Add missing period claim expected from the current live FactGrid P692 CDLI ID.
ready,274851,P274851,Q2166170,Anonymous 274851 unpublished unassigned ?,Cuneiform Tablet P274851,CDLI artifact: tablet; modern; held by anonymous; CDLI P274851,P853,Q1349999,modern,Add missing period claim expected from the current live FactGrid P692 CDLI ID.
ready,389355,P389355,Q2170141,"AfO 08, 173 P034","Cuneiform Tablet AfO 08, 173 P034","CDLI artifact: tablet; modern; held by de Liagre Böhl Collection, Netherlands Institute for the Near East, Leiden, The Netherlands; CDLI P389355",P853,Q1349999,modern,Add missing period claim expected from the current live FactGrid P692 CDLI ID.
ready,416519,P416519,Q2169919,LLIU —,Cuneiform Tablet LLIU —,"CDLI artifact: tablet; modern; held by Lilly Library, Indiana University, Bloomington, Indiana, USA; CDLI P416519",P853,Q1349999,modern,Add missing period claim expected from the current live FactGrid P692 CDLI ID.
ready,537599,P537599,Q2168938,CDLI Seals 016890 (physical),Cuneiform Artifact CDLI Seals 016890 (physical),"CDLI artifact: Cylinder seal; from uncertain (mod. uncertain); ED I-II; held by Yale Babylonian Collection, New Haven, Connecticut, USA; CDLI P537599",P853,Q512137,ED I-II,Add missing period claim expected from the current live FactGrid P692 CDLI ID.
ready,537608,P537608,Q2170037,CDLI Seals 016899 (physical),Cuneiform Artifact CDLI Seals 016899 (physical),"CDLI artifact: Cylinder seal; from uncertain (mod. uncertain); ED IIIa; held by Yale Babylonian Collection, New Haven, Connecticut, USA; CDLI P537608",P853,Q512140,ED IIIa,Add missing period claim expected from the current live FactGrid P692 CDLI ID.
ready,537960,P537960,Q2169323,CDLI Seals 017135 (physical),Cuneiform Artifact CDLI Seals 017135 (physical),"CDLI artifact: Cylinder seal; from uncertain (mod. uncertain); Old Akkadian; held by Louvre Museum, Paris, France; CDLI P537960",P853,Q512144,Old Akkadian Period,Add missing period claim expected from the current live FactGrid P692 CDLI ID.
ready,538103,P538103,Q1364190,CDLI Seals 017278 (physical),Cuneiform Artifact CDLI Seals 017278 (physical),"CDLI artifact: Cylinder seal; ED I-II; held by Louvre Museum, Paris, France; CDLI P538103",P853,Q512137,ED I-II,Add missing period claim expected from the current live FactGrid P692 CDLI ID.
ready,538115,P538115,Q2162657,CDLI Seals 017290 (physical),Cuneiform Artifact CDLI Seals 017290 (physical),"CDLI artifact: Cylinder seal; ED IIIb; held by Louvre Museum, Paris, France; CDLI P538115",P853,Q512142,ED IIIb,Add missing period claim expected from the current live FactGrid P692 CDLI ID.
ready,538154,P538154,Q2166088,CDLI Seals 017329 (physical),Cuneiform Artifact CDLI Seals 017329 (physical),"CDLI artifact: Cylinder seal; from Girsu (mod. Tello); ED I-II; held by Louvre Museum, Paris, France; CDLI P538154",P853,Q512137,ED I-II,Add missing period claim expected from the current live FactGrid P692 CDLI ID.
ready,538206,P538206,Q2164686,CDLI Seals 017381 (physical),Cuneiform Artifact CDLI Seals 017381 (physical),"CDLI artifact: Cylinder seal; Old Akkadian; held by Louvre Museum, Paris, France; CDLI P538206",P853,Q512144,Old Akkadian Period,Add missing period claim expected from the current live FactGrid P692 CDLI ID.
ready,538251,P538251,Q2162885,CDLI Seals 017426 (physical),Cuneiform Artifact CDLI Seals 017426 (physical),"CDLI artifact: Cylinder seal; Old Akkadian; held by Louvre Museum, Paris, France; CDLI P538251",P853,Q512144,Old Akkadian Period,Add missing period claim expected from the current live FactGrid P692 CDLI ID.
ready,538292,P538292,Q2167506,CDLI Seals 017467 (physical),Cuneiform Artifact CDLI Seals 017467 (physical),"CDLI artifact: Cylinder seal; Old Akkadian; held by Louvre Museum, Paris, France; CDLI P538292",P853,Q512144,Old Akkadian Period,Add missing period claim expected from the current live FactGrid P692 CDLI ID.
ready,538338,P538338,Q2167407,CDLI Seals 017513 (physical),Cuneiform Artifact CDLI Seals 017513 (physical),"CDLI artifact: Cylinder seal; Old Akkadian; held by Louvre Museum, Paris, France; CDLI P538338",P853,Q512144,Old Akkadian Period,Add missing period claim expected from the current live FactGrid P692 CDLI ID.
ready,538343,P538343,Q2164479,CDLI Seals 017518 (physical),Cuneiform Artifact CDLI Seals 017518 (physical),"CDLI artifact: Cylinder seal; Old Akkadian; held by Louvre Museum, Paris, France; CDLI P538343",P853,Q512144,Old Akkadian Period,Add missing period claim expected from the current live FactGrid P692 CDLI ID.
ready,539483,P539483,Q2167224,CDLI Seals 018603 (physical),Cuneiform Artifact CDLI Seals 018603 (physical),"CDLI artifact: Cylinder seal; from uncertain (mod. uncertain); ED IIIb; held by J. Pierpont Morgan Library Collection, New York, New York, USA; CDLI P539483",P853,Q512142,ED IIIb,Add missing period claim expected from the current live FactGrid P692 CDLI ID.
ready,539505,P539505,Q2162237,CDLI Seals 018625 (physical),Cuneiform Artifact CDLI Seals 018625 (physical),"CDLI artifact: Cylinder seal; from uncertain (mod. uncertain); ED IIIb; held by J. Pierpont Morgan Library Collection, New York, New York, USA; CDLI P539505",P853,Q512142,ED IIIb,Add missing period claim expected from the current live FactGrid P692 CDLI ID.
ready,539529,P539529,Q2167132,CDLI Seals 018649 (physical),Cuneiform Artifact CDLI Seals 018649 (physical),"CDLI artifact: Cylinder seal; from uncertain (mod. uncertain); ED IIIb; held by J. Pierpont Morgan Library Collection, New York, New York, USA; CDLI P539529",P853,Q512142,ED IIIb,Add missing period claim expected from the current live FactGrid P692 CDLI ID.
ready,539552,P539552,Q2164173,CDLI Seals 018672 (physical),Cuneiform Artifact CDLI Seals 018672 (physical),"CDLI artifact: Cylinder seal; from uncertain (mod. uncertain); Old Akkadian; held by J. Pierpont Morgan Library Collection, New York, New York, USA; CDLI P539552",P853,Q512144,Old Akkadian Period,Add missing period claim expected from the current live FactGrid P692 CDLI ID.
ready,539568,P539568,Q2169472,CDLI Seals 018688 (physical),Cuneiform Artifact CDLI Seals 018688 (physical),"CDLI artifact: Cylinder seal; from uncertain (mod. uncertain); Old Akkadian; held by J. Pierpont Morgan Library Collection, New York, New York, USA; CDLI P539568",P853,Q512144,Old Akkadian Period,Add missing period claim expected from the current live FactGrid P692 CDLI ID.
ready,539587,P539587,Q2169306,CDLI Seals 018707 (physical),Cuneiform Artifact CDLI Seals 018707 (physical),"CDLI artifact: Cylinder seal; from uncertain (mod. uncertain); Old Akkadian; held by J. Pierpont Morgan Library Collection, New York, New York, USA; CDLI P539587",P853,Q512144,Old Akkadian Period,Add missing period claim expected from the current live FactGrid P692 CDLI ID.
ready,539591,P539591,Q2021092,CDLI Seals 018711 (physical),Cuneiform Artifact CDLI Seals 018711 (physical),"CDLI artifact: Cylinder seal; from uncertain (mod. uncertain); Old Akkadian; held by J. Pierpont Morgan Library Collection, New York, New York, USA; CDLI P539591",P853,Q512144,Old Akkadian Period,Add missing period claim expected from the current live FactGrid P692 CDLI ID.
ready,539600,P539600,Q2165554,CDLI Seals 018720 (physical),Cuneiform Artifact CDLI Seals 018720 (physical),"CDLI artifact: Cylinder seal; from uncertain (mod. uncertain); Old Akkadian; held by J. Pierpont Morgan Library Collection, New York, New York, USA; CDLI P539600",P853,Q512144,Old Akkadian Period,Add missing period claim expected from the current live FactGrid P692 CDLI ID.
ready,539616,P539616,Q2170257,CDLI Seals 018736 (physical),Cuneiform Artifact CDLI Seals 018736 (physical),"CDLI artifact: Cylinder seal; from uncertain (mod. uncertain); Old Akkadian; held by J. Pierpont Morgan Library Collection, New York, New York, USA; CDLI P539616",P853,Q512144,Old Akkadian Period,Add missing period claim expected from the current live FactGrid P692 CDLI ID.
ready,539641,P539641,Q2152753,CDLI Seals 018761 (physical),Cuneiform Artifact CDLI Seals 018761 (physical),"CDLI artifact: Cylinder seal; from uncertain (mod. uncertain); Old Akkadian; held by J. Pierpont Morgan Library Collection, New York, New York, USA; CDLI P539641",P853,Q512144,Old Akkadian Period,Add missing period claim expected from the current live FactGrid P692 CDLI ID.
ready,540298,P540298,Q2158909,CDLI Seals 019479 (physical),Cuneiform Artifact CDLI Seals 019479 (physical),"CDLI artifact: Cylinder seal; Old Akkadian; held by Metropolitan Museum of Art, New York, New York, USA; CDLI P540298",P853,Q512144,Old Akkadian Period,Add missing period claim expected from the current live FactGrid P692 CDLI ID.
ready,540308,P540308,Q2163832,CDLI Seals 019489 (physical),Cuneiform Artifact CDLI Seals 019489 (physical),"CDLI artifact: Cylinder seal; Old Akkadian; held by Metropolitan Museum of Art, New York, New York, USA; CDLI P540308",P853,Q512144,Old Akkadian Period,Add missing period claim expected from the current live FactGrid P692 CDLI ID.
ready,540975,P540975,Q2162135,CDLI Seals 020099 (physical),Cuneiform Artifact CDLI Seals 020099 (physical),"CDLI artifact: Cylinder seal; from Tutub (mod. Khafaje); ED IIIa; held by National Museum of Iraq, Baghdad, Iraq; CDLI P540975",P853,Q512140,ED IIIa,Add missing period claim expected from the current live FactGrid P692 CDLI ID.
ready,541165,P541165,Q2168016,CDLI Seals 020300 (physical),Cuneiform Artifact CDLI Seals 020300 (physical),"CDLI artifact: Cylinder seal; from Ur (mod. Tell Muqayyar); Old Akkadian; held by Penn Museum, Philadelphia, Pennsylvania, USA; CDLI P541165",P853,Q512144,Old Akkadian Period,Add missing period claim expected from the current live FactGrid P692 CDLI ID.
ready,541237,P541237,Q2162294,CDLI Seals 020446 (physical),Cuneiform Artifact CDLI Seals 020446 (physical),"CDLI artifact: Cylinder seal; from Ur (mod. Tell Muqayyar); ED I-II; held by Penn Museum, Philadelphia, Pennsylvania, USA; CDLI P541237",P853,Q512137,ED I-II,Add missing period claim expected from the current live FactGrid P692 CDLI ID.
ready,542270,P542270,Q2163030,CDLI Seals 021428 (physical),Cuneiform Artifact CDLI Seals 021428 (physical),CDLI artifact: Cylinder seal; from Tutub (mod. Khafaje); Old Akkadian; CDLI P542270,P853,Q512144,Old Akkadian Period,Add missing period claim expected from the current live FactGrid P692 CDLI ID.
ready,542335,P542335,Q2163815,CDLI Seals 021494 (physical),Cuneiform Artifact CDLI Seals 021494 (physical),"CDLI artifact: Cylinder seal; from Ešnunna (mod. Tell Asmar); ED I-II; held by Institute for the Study of Ancient Cultures West Asia & North Africa Museum, Chicago, Illinois, USA; CDLI P542335",P853,Q512137,ED I-II,Add missing period claim expected from the current live FactGrid P692 CDLI ID.
ready,542358,P542358,Q2170215,CDLI Seals 021517 (physical),Cuneiform Artifact CDLI Seals 021517 (physical),"CDLI artifact: Cylinder seal; from Ešnunna (mod. Tell Asmar); ED IIIb; held by Institute for the Study of Ancient Cultures West Asia & North Africa Museum, Chicago, Illinois, USA; CDLI P542358",P853,Q512142,ED IIIb,Add missing period claim expected from the current live FactGrid P692 CDLI ID.
ready,542620,P542620,Q2163177,CDLI Seals 021766 (physical),Cuneiform Artifact CDLI Seals 021766 (physical),CDLI artifact: Cylinder seal; from Ešnunna (mod. Tell Asmar); Old Akkadian; CDLI P542620,P853,Q512144,Old Akkadian Period,Add missing period claim expected from the current live FactGrid P692 CDLI ID.
ready,542708,P542708,Q2170072,CDLI Seals 021854 (physical),Cuneiform Artifact CDLI Seals 021854 (physical),"CDLI artifact: Cylinder seal; from Ešnunna (mod. Tell Asmar); Old Akkadian; held by National Museum of Iraq, Baghdad, Iraq; CDLI P542708",P853,Q512144,Old Akkadian Period,Add missing period claim expected from the current live FactGrid P692 CDLI ID.
ready,542749,P542749,Q2167715,CDLI Seals 021895 (physical),Cuneiform Artifact CDLI Seals 021895 (physical),"CDLI artifact: Cylinder seal; from Ešnunna (mod. Tell Asmar); Old Akkadian; held by Institute for the Study of Ancient Cultures West Asia & North Africa Museum, Chicago, Illinois, USA; CDLI P542749",P853,Q512144,Old Akkadian Period,Add missing period claim expected from the current live FactGrid P692 CDLI ID.
ready,542765,P542765,Q2163976,CDLI Seals 021911 (physical),Cuneiform Artifact CDLI Seals 021911 (physical),"CDLI artifact: Cylinder seal; from Ešnunna (mod. Tell Asmar); Old Akkadian; held by Institute for the Study of Ancient Cultures West Asia & North Africa Museum, Chicago, Illinois, USA; CDLI P542765",P853,Q512144,Old Akkadian Period,Add missing period claim expected from the current live FactGrid P692 CDLI ID.
ready,542925,P542925,Q2169493,CDLI Seals 022071 (physical),Cuneiform Artifact CDLI Seals 022071 (physical),CDLI artifact: Cylinder seal; from Ešnunna (mod. Tell Asmar); Old Akkadian; CDLI P542925,P853,Q512144,Old Akkadian Period,Add missing period claim expected from the current live FactGrid P692 CDLI ID.
ready,542948,P542948,Q2162134,CDLI Seals 022094 (physical),Cuneiform Artifact CDLI Seals 022094 (physical),CDLI artifact: Cylinder seal; from Ešnunna (mod. Tell Asmar); Old Akkadian; CDLI P542948,P853,Q512144,Old Akkadian Period,Add missing period claim expected from the current live FactGrid P692 CDLI ID.
ready,542964,P542964,Q2167246,CDLI Seals 022110 (physical),Cuneiform Artifact CDLI Seals 022110 (physical),CDLI artifact: Cylinder seal; from Ešnunna (mod. Tell Asmar); Old Akkadian; CDLI P542964,P853,Q512144,Old Akkadian Period,Add missing period claim expected from the current live FactGrid P692 CDLI ID.
ready,543271,P543271,Q2148019,TA 1932 0740,Cuneiform Artifact TA 1932 0740,"CDLI artifact: sealing; from Ešnunna (mod. Tell Asmar); ED IIIb; held by Institute for the Study of Ancient Cultures West Asia & North Africa Museum, Chicago, Illinois, USA; CDLI P543271",P853,Q512142,ED IIIb,Add missing period claim expected from the current live FactGrid P692 CDLI ID.
ready,543621,P543621,Q2144099,LB 0930/8 (unpublished),Cuneiform Artifact LB 0930/8 (unpublished),"CDLI artifact: cone; Old Akkadian; held by de Liagre Böhl Collection, Netherlands Institute for the Near East, Leiden, The Netherlands; CDLI P543621",P853,Q512144,Old Akkadian Period,Add missing period claim expected from the current live FactGrid P692 CDLI ID.
ready,544520,P544520,Q2162454,CDLI Seals 022209 (physical),Cuneiform Artifact CDLI Seals 022209 (physical),"CDLI artifact: Cylinder seal; from Tutub (mod. Khafaje); ED IIIa; held by Institute for the Study of Ancient Cultures West Asia & North Africa Museum, Chicago, Illinois, USA; CDLI P544520",P853,Q512140,ED IIIa,Add missing period claim expected from the current live FactGrid P692 CDLI ID.
ready,544577,P544577,Q2165201,CDLI Seals 022266 (physical),Cuneiform Artifact CDLI Seals 022266 (physical),CDLI artifact: Cylinder seal; from Tutub (mod. Khafaje); ED I-II; CDLI P544577,P853,Q512137,ED I-II,Add missing period claim expected from the current live FactGrid P692 CDLI ID.
ready,544598,P544598,Q2164079,CDLI Seals 022287 (physical),Cuneiform Artifact CDLI Seals 022287 (physical),"CDLI artifact: Cylinder seal; from Tutub (mod. Khafaje); ED I-II; held by Penn Museum, Philadelphia, Pennsylvania, USA; CDLI P544598",P853,Q512137,ED I-II,Add missing period claim expected from the current live FactGrid P692 CDLI ID.
ready,545425,P545425,Q2162702,CDLI Seals 023054 (physical),Cuneiform Artifact CDLI Seals 023054 (physical),"CDLI artifact: Cylinder seal; from uncertain (mod. uncertain); ED IIIb; held by Newell Collections of Babylonian Seals, Yale Babylonian Collection, New Haven, Connecticut, USA; CDLI P545425",P853,Q512142,ED IIIb,Add missing period claim expected from the current live FactGrid P692 CDLI ID.
ready,545433,P545433,Q1364959,CDLI Seals 023062 (physical),Cuneiform Artifact CDLI Seals 023062 (physical),"CDLI artifact: Cylinder seal; from uncertain (mod. uncertain); ED IIIa; held by Newell Collections of Babylonian Seals, Yale Babylonian Collection, New Haven, Connecticut, USA; CDLI P545433",P853,Q512140,ED IIIa,Add missing period claim expected from the current live FactGrid P692 CDLI ID.
ready,545937,P545937,Q2166224,CDLI Seals 023608 (physical),Cuneiform Artifact CDLI Seals 023608 (physical),"CDLI artifact: Cylinder seal; from uncertain (mod. uncertain); ED IIIb; held by Newell Collections of Babylonian Seals, Yale Babylonian Collection, New Haven, Connecticut, USA; CDLI P545937",P853,Q512142,ED IIIb,Add missing period claim expected from the current live FactGrid P692 CDLI ID.
ready,545976,P545976,Q2165194,CDLI Seals 023647 (physical),Cuneiform Artifact CDLI Seals 023647 (physical),"CDLI artifact: Cylinder seal; from uncertain (mod. uncertain); ED IIIb; held by Nies Babylonian Collection, Yale Babylonian Collection, New Haven, Connecticut, USA; CDLI P545976",P853,Q512142,ED IIIb,Add missing period claim expected from the current live FactGrid P692 CDLI ID.
ready,546136,P546136,Q2047114,CDLI Seals 023807 (physical),Cuneiform Artifact CDLI Seals 023807 (physical),"CDLI artifact: Cylinder seal; from uncertain (mod. uncertain); Old Akkadian; held by Yale Babylonian Collection, New Haven, Connecticut, USA; CDLI P546136",P853,Q512144,Old Akkadian Period,Add missing period claim expected from the current live FactGrid P692 CDLI ID.
ready,546209,P546209,Q2168015,CDLI Seals 023880 (physical),Cuneiform Artifact CDLI Seals 023880 (physical),"CDLI artifact: Cylinder seal; from uncertain (mod. uncertain); ED IIIb; held by Yale Babylonian Collection, New Haven, Connecticut, USA; CDLI P546209",P853,Q512142,ED IIIb,Add missing period claim expected from the current live FactGrid P692 CDLI ID.
ready,546589,P546589,Q2148195,CDLI Seals 024075 (physical),Cuneiform Artifact CDLI Seals 024075 (physical),"CDLI artifact: Cylinder seal; Old Akkadian; held by Museo Profano, Vatican CIty, Rome, Italy; CDLI P546589",P853,Q512144,Old Akkadian Period,Add missing period claim expected from the current live FactGrid P692 CDLI ID.
ready,546726,P546726,Q2163597,CDLI Seals 024203 (physical),Cuneiform Artifact CDLI Seals 024203 (physical),"CDLI artifact: Cylinder seal; from Kish (mod. Tell Ingharra); ED IIIb; held by Field Museum of Natural History, Chicago, Illinois, USA; CDLI P546726",P853,Q512142,ED IIIb,Add missing period claim expected from the current live FactGrid P692 CDLI ID.
ready,547567,P547567,Q2163991,CDLI Seals 024995 (physical),Cuneiform Artifact CDLI Seals 024995 (physical),"CDLI artifact: Cylinder seal; from uncertain (mod. uncertain); ED I-II; held by Collection BIBLE+ORIENT, University of Fribourg, Switzerland; CDLI P547567",P853,Q512137,ED I-II,Add missing period claim expected from the current live FactGrid P692 CDLI ID.
ready,547588,P547588,Q2163029,CDLI Seals 025016 (physical),Cuneiform Artifact CDLI Seals 025016 (physical),"CDLI artifact: Cylinder seal; from uncertain (mod. uncertain); Old Akkadian; held by Collection BIBLE+ORIENT, University of Fribourg, Switzerland; CDLI P547588",P853,Q512144,Old Akkadian Period,Add missing period claim expected from the current live FactGrid P692 CDLI ID.
ready,547834,P547834,Q2163563,CDLI Seals 025255 (physical),Cuneiform Artifact CDLI Seals 025255 (physical),"CDLI artifact: Cylinder seal; from uncertain (mod. uncertain); ED IIIb; held by The Art Museum, Princeton University, Princeton, New Jersey, USA; CDLI P547834",P853,Q512142,ED IIIb,Add missing period claim expected from the current live FactGrid P692 CDLI ID.
ready,548305,P548305,Q2170045,CDLI Seals 025690 (physical),Cuneiform Artifact CDLI Seals 025690 (physical),"CDLI artifact: Cylinder seal; from Mari (mod. Tell Hariri); ED IIIb; held by National Museum of Syria, Aleppo, Syria; CDLI P548305",P853,Q512142,ED IIIb,Add missing period claim expected from the current live FactGrid P692 CDLI ID.
ready,549294,P549294,Q2166825,CDLI Seals 026536 (physical),Cuneiform Artifact CDLI Seals 026536 (physical),"CDLI artifact: Cylinder seal; from uncertain (mod. uncertain); ED I-II; held by Michael Chiha collection, Beyrouth, Lebanon; CDLI P549294",P853,Q512137,ED I-II,Add missing period claim expected from the current live FactGrid P692 CDLI ID.
ready,549312,P549312,Q2162398,CDLI Seals 026554 (physical),Cuneiform Artifact CDLI Seals 026554 (physical),"CDLI artifact: Cylinder seal; from uncertain (mod. uncertain); Old Akkadian; held by Michael Chiha collection, Beyrouth, Lebanon; CDLI P549312",P853,Q512144,Old Akkadian Period,Add missing period claim expected from the current live FactGrid P692 CDLI ID.
ready,549715,P549715,Q2165102,Ashm 1939-0332 (125),Cuneiform Artifact Ashm 1939-0332 (125),"CDLI artifact: sealing; from Nagar (mod. Tell Brak); ED I-II; held by Ashmolean Museum, Oxford, UK; CDLI P549715",P853,Q512137,ED I-II,Add missing period claim expected from the current live FactGrid P692 CDLI ID.
ready,549739,P549739,Q2044627,Ashm 1939-0332 (163),Cuneiform Artifact Ashm 1939-0332 (163),"CDLI artifact: sealing; from Nagar (mod. Tell Brak); Old Akkadian; held by Ashmolean Museum, Oxford, UK; CDLI P549739",P853,Q512144,Old Akkadian Period,Add missing period claim expected from the current live FactGrid P692 CDLI ID.
ready,549742,P549742,Q2162514,Ashm 1939-0332 (017),Cuneiform Artifact Ashm 1939-0332 (017),"CDLI artifact: sealing; from Nagar (mod. Tell Brak); ED I-II; held by Ashmolean Museum, Oxford, UK; CDLI P549742",P853,Q512137,ED I-II,Add missing period claim expected from the current live FactGrid P692 CDLI ID.
ready,549914,P549914,Q2166003,Ashm 1930-0387c,Cuneiform Artifact Ashm 1930-0387c,"CDLI artifact: sealing; from Kish (mod. Tell Ingharra); ED I-II; held by Ashmolean Museum, Oxford, UK; CDLI P549914",P853,Q512137,ED I-II,Add missing period claim expected from the current live FactGrid P692 CDLI ID.
ready,549943,P549943,Q1932802,Ashm 1930-0408 (02),Cuneiform Artifact Ashm 1930-0408 (02),"CDLI artifact: sealing; from Kish (mod. Tell Ingharra); Old Akkadian; held by Ashmolean Museum, Oxford, UK; CDLI P549943",P853,Q512144,Old Akkadian Period,Add missing period claim expected from the current live FactGrid P692 CDLI ID.
ready,549955,P549955,Q2161366,Ashm 1931-0158,Cuneiform Artifact Ashm 1931-0158,"CDLI artifact: sealing; from Kish (mod. Tell Ingharra); ED I-II; held by Ashmolean Museum, Oxford, UK; CDLI P549955",P853,Q512137,ED I-II,Add missing period claim expected from the current live FactGrid P692 CDLI ID.
ready,565744,P565744,Q2167184,"Kaskal 4 (2007) p. 43-64, no. 05","Cuneiform Tablet Kaskal 4 (2007) p. 43-64, no. 05","CDLI artifact: tablet; from Šubat-Enlil (mod. Leilan); Old Akkadian; held by National Museum of Syria, Der-ez-Zor, Syria; CDLI P565744",P853,Q512144,Old Akkadian Period,Add missing period claim expected from the current live FactGrid P692 CDLI ID.
ready,603197,P603197,Q2167259,"ZA 110, 9 no. 3","Cuneiform Artifact ZA 110, 9 no. 3","CDLI artifact: tag; from Kian (Tell Shmid); ED IIIb; held by National Museum of Iraq, Baghdad, Iraq; CDLI P603197",P853,Q512142,ED IIIb,Add missing period claim expected from the current live FactGrid P692 CDLI ID.
