Label,Modern,count,Provenience
Abdju,mod. Abydos,186,186 Abdju (mod. Abydos)
Adab,mod. Bismaya,"2,968","2,968 Adab (mod. Bismaya)"
Adabilu,mod. uncertain,2,2 Adabilu (mod. uncertain)
Admannu,mod. Tall ‘Ali,25,25 Admannu (mod. Tall ‘Ali)
Agamatanu,mod. uncertain,1,1 Agamatanu (mod. uncertain)
Akhetaten,mod. el-Amarna,378,378 Akhetaten (mod. el-Amarna)
Alalakh,mod. Tell Açana/Atshana,776,776 Alalakh (mod. Tell Açana/Atshana)
Alu-binatu,mod. uncertain,1,1 Alu-binatu (mod. uncertain)
Alu-eššu,mod. uncertain,1,1 Alu-eššu (mod. uncertain)
Alu-ša-BAD-MAH-AN,mod. uncertain,1,1 Alu-ša-BAD-MAH-AN (mod. uncertain)
Alu-ša-šuma-ukin,mod. uncertain,3,3 Alu-ša-šuma-ukin (mod. uncertain)
Alu-šabtu,mod. uncertain,1,1 Alu-šabtu (mod. uncertain)
Amurru-šar-uṣur,mod. uncertain,2,2 Amurru-šar-uṣur (mod. uncertain)
Antipatris,mod. Tel Aphek,2,2 Antipatris (mod. Tel Aphek)
Anšan,mod. Tell Malyan,100,100 Anšan (mod. Tell Malyan)
Aqa,mod. uncertain,1,1 Aqa (mod. uncertain)
Arrapha,mod. Kirkuk,18,18 Arrapha (mod. Kirkuk)
Asdūdu,mod. Ashdod,1,1 Asdūdu (mod. Ashdod)
Assur,mod. Qalat Sherqat,"6,609","6,609 Assur (mod. Qalat Sherqat)"
Ašnakkum,mod. Chagar Bazar,379,379 Ašnakkum (mod. Chagar Bazar)
Ba-milkišu,mod. uncertain,1,1 Ba-milkišu (mod. uncertain)
Babylon,mod. Bābil,"4,520","4,520 Babylon (mod. Bābil)"
Bad-Tibira,mod. Tell Medinah,11,11 Bad-Tibira (mod. Tell Medinah)
Baḫe,mod. uncertain,3,3 Baḫe (mod. uncertain)
Bit-ali-...,mod. uncertain,1,1 Bit-ali-... (mod. uncertain)
Bit-zerija,mod. uncertain,2,2 Bit-zerija (mod. uncertain)
Bit-Šaḫṭu,mod. uncertain,1,1 Bit-Šaḫṭu (mod. uncertain)
Bit-šar-Babili,mod. uncertain,1,1 Bit-šar-Babili (mod. uncertain)
Bit-ḫulummu,mod. uncertain,1,1 Bit-ḫulummu (mod. uncertain)
Bit-ṭab-bel,mod. uncertain,2,2 Bit-ṭab-bel (mod. uncertain)
Borsippa,mod. Birs Nimrud,635,635 Borsippa (mod. Birs Nimrud)
Burmarina,mod. Tell Shiukh Fawqani,44,44 Burmarina (mod. Tell Shiukh Fawqani)
Bāb-ṣubbāti,mod. uncertain,1,1 Bāb-ṣubbāti (mod. uncertain)
Bīt-Abī-rām,mod. uncertain,1,1 Bīt-Abī-rām (mod. uncertain)
Bīt-Bāba-ēriš,mod. uncertain,1,1 Bīt-Bāba-ēriš (mod. uncertain)
Bīt-Dibušiti,mod. uncertain,2,2 Bīt-Dibušiti (mod. uncertain)
Bīt-Našar,mod. uncertain,3,3 Bīt-Našar (mod. uncertain)
Bīt-Naʾinnašu,mod. uncertain,1,1 Bīt-Naʾinnašu (mod. uncertain)
Bīt-ham...,mod. uncertain,1,1 Bīt-ham... (mod. uncertain)
Bīt-Šinqā,mod. uncertain,1,1 Bīt-Šinqā (mod. uncertain)
Curium,mod. Kourion Cyprus,1,1 Curium (mod. Kourion Cyprus)
Der,mod. Tell Aqar,4,4 Der (mod. Tell Aqar)
Dilbat,mod. Deilam,578,578 Dilbat (mod. Deilam)
Dilmun,mod. Qal'at al-Bahrain,22,22 Dilmun (mod. Qal'at al-Bahrain)
Du-Enlila,mod. uncertain,152,152 Du-Enlila (mod. uncertain)
Dur-Katlimmu,mod. Tall Shekh Hamad,474,474 Dur-Katlimmu (mod. Tall Shekh Hamad)
Dur-Kurigalzu,mod. Aqar Quf,65,65 Dur-Kurigalzu (mod. Aqar Quf)
Dur-Untaš,mod. Chogha Zanbil,43,43 Dur-Untaš (mod. Chogha Zanbil)
Dur-Šarrukin,mod. Khorsabad,118,118 Dur-Šarrukin (mod. Khorsabad)
Dusabar,mod. uncertain,2,2 Dusabar (mod. uncertain)
Dūr-Abī-ēšuḫ,mod. uncertain,416,416 Dūr-Abī-ēšuḫ (mod. uncertain)
Ebla,mod. Tell Mardikh,"6,924","6,924 Ebla (mod. Tell Mardikh)"
Ecbatana,mod. uncertain,21,21 Ecbatana (mod. uncertain)
Ekalte,mod. Tell Munbaqa,100,100 Ekalte (mod. Tell Munbaqa)
Elammu,mod. uncertain,4,4 Elammu (mod. uncertain)
Emar,mod. Tell Meskene,"1,316","1,316 Emar (mod. Tell Meskene)"
Epurasie,mod. uncertain,1,1 Epurasie (mod. uncertain)
Eridu,mod. Abu Shahrain,71,71 Eridu (mod. Abu Shahrain)
Ešnunna,mod. Tell Asmar,"2,054","2,054 Ešnunna (mod. Tell Asmar)"
Ešura,mod. uncertain,1,1 Ešura (mod. uncertain)
GARIN-naḫallum,mod. uncertain,1,1 GARIN-naḫallum (mod. uncertain)
Garšana,mod. uncertain,"1,808","1,808 Garšana (mod. uncertain)"
Gasur/Nuzi,mod. Yorgan Tepe,"2,715","2,715 Gasur/Nuzi (mod. Yorgan Tepe)"
Girigu,mod. uncertain,1,1 Girigu (mod. uncertain)
Girsu,mod. Tello,"38,422","38,422 Girsu (mod. Tello)"
Gišša,mod. Umm al-Aqarib,8,8 Gišša (mod. Umm al-Aqarib)
Gišši,mod. uncertain,1,1 Gišši (mod. uncertain)
Gubla,mod. Byblos,2,2 Gubla (mod. Byblos)
Guzana,mod. Tell Halaf,120,120 Guzana (mod. Tell Halaf)
Halicarnassus,mod. Halicarnassus,2,2 Halicarnassus (mod. Halicarnassus)
Hamat,mod. uncertain,2,2 Hamat (mod. uncertain)
Hamath,mod. Hama,20,20 Hamath (mod. Hama)
Harradum,mod. Khirbet ed-Diniye,119,119 Harradum (mod. Khirbet ed-Diniye)
Harran,mod. Harran,21,21 Harran (mod. Harran)
Hazatu,mod. uncertain,1,1 Hazatu (mod. uncertain)
Himuru,mod. uncertain,1,1 Himuru (mod. uncertain)
Hummanu,mod. uncertain,1,1 Hummanu (mod. uncertain)
Hurruba,mod. uncertain,1,1 Hurruba (mod. uncertain)
Hursagkalama,mod. Ingharra,3,3 Hursagkalama (mod. Ingharra)
Huzirina,mod. Sultantepe,437,437 Huzirina (mod. Sultantepe)
Idu,mod. Hīt,1,1 Idu (mod. Hīt)
Imgur-Enlil,mod. Balawat,80,80 Imgur-Enlil (mod. Balawat)
Irisagrig,mod. uncertain,"3,159","3,159 Irisagrig (mod. uncertain)"
Isin,mod. Bahriyat,"2,251","2,251 Isin (mod. Bahriyat)"
Isqalluna,mod. Ashkelon,1,1 Isqalluna (mod. Ashkelon)
KI.AN,mod. uncertain,4,4 KI.AN (mod. uncertain)
Kabnak,mod. Haft Tappeh,595,595 Kabnak (mod. Haft Tappeh)
Kahat,mod. Tell Barri,6,6 Kahat (mod. Tell Barri)
Kalhu,mod. Nimrūd,"2,790","2,790 Kalhu (mod. Nimrūd)"
Kanesh,mod. Kültepe,"8,367","8,367 Kanesh (mod. Kültepe)"
Kapri-ša-naqidati,mod. uncertain,1,1 Kapri-ša-naqidati (mod. uncertain)
Kapru,mod. uncertain,1,1 Kapru (mod. uncertain)
Kar-Mullissi,mod. Tall al-Qaddīsah Barbārah,1,1 Kar-Mullissi (mod. Tall al-Qaddīsah Barbārah)
Kar-Nabu,mod. uncertain,1,1 Kar-Nabu (mod. uncertain)
Kar-Tukulti-Ninurta,mod. Tulul al-ʿAqir,199,199 Kar-Tukulti-Ninurta (mod. Tulul al-ʿAqir)
Kar-bel-matati,mod. uncertain,1,1 Kar-bel-matati (mod. uncertain)
Karkemish,mod. Djerabis,82,82 Karkemish (mod. Djerabis)
Kazallu,mod. uncertain,3,3 Kazallu (mod. uncertain)
Kašši...,mod. uncertain,1,1 Kašši... (mod. uncertain)
Kesh,mod. uncertain,63,63 Kesh (mod. uncertain)
Kian,Tell Shmid,1,1 Kian (Tell Shmid)
Kilizu,mod. Qasr Shamamuk,24,24 Kilizu (mod. Qasr Shamamuk)
Kish,mod. Tell Barguthiat,3,3 Kish (mod. Tell Barguthiat)
Kish,mod. Tell Ingharra,907,907 Kish (mod. Tell Ingharra)
Kish,mod. Tell Uhaimir,"2,172","2,172 Kish (mod. Tell Uhaimir)"
Kish,mod. Tell el-Bender,1,1 Kish (mod. Tell el-Bender)
Kisurra,mod. Abu Hatab,558,558 Kisurra (mod. Abu Hatab)
Kišesim,mod. Najafabad,1,1 Kišesim (mod. Najafabad)
Kulišhinaš,mod. Amuda,15,15 Kulišhinaš (mod. Amuda)
Kumu,mod. uncertain,1,1 Kumu (mod. uncertain)
Kutalla,mod. Tell Sifr,195,195 Kutalla (mod. Tell Sifr)
Kutha,mod. Tell Ibrahim,43,43 Kutha (mod. Tell Ibrahim)
Lachish,mod. Tell ed-Duweir,23,23 Lachish (mod. Tell ed-Duweir)
Lagaba,mod. uncertain,249,249 Lagaba (mod. uncertain)
Lagash,mod. El-Hiba,138,138 Lagash (mod. El-Hiba)
Larsa,mod. Tell as-Senkereh,"2,587","2,587 Larsa (mod. Tell as-Senkereh)"
Ma'allanate,mod. uncertain,72,72 Ma'allanate (mod. uncertain)
Malgium,mod. Tulūl Yassir,4,4 Malgium (mod. Tulūl Yassir)
Marad,mod. Wanna-wa-Sadum,58,58 Marad (mod. Wanna-wa-Sadum)
Mardaman,mod. Bassetki,2,2 Mardaman (mod. Bassetki)
Mari,mod. Tell Hariri,"9,861","9,861 Mari (mod. Tell Hariri)"
Marqasu,mod. Kahramanmaraş,46,46 Marqasu (mod. Kahramanmaraş)
Maškan-šapir,mod. Tell Abu Duwari,5,5 Maškan-šapir (mod. Tell Abu Duwari)
Me-Turran,mod. Tell Haddad,294,294 Me-Turran (mod. Tell Haddad)
Melidu,mod. Arslantepe,4,4 Melidu (mod. Arslantepe)
Nagar,mod. Tell Brak,454,454 Nagar (mod. Tell Brak)
Naḫalla,mod. uncertain,1,1 Naḫalla (mod. uncertain)
Naṣir,mod. uncertain,1,1 Naṣir (mod. uncertain)
Nereb,mod. Neirab,1,1 Nereb (mod. Neirab)
Nerebtum,mod. Iščali,962,962 Nerebtum (mod. Iščali)
Nigin,mod. Ishān Zurghul,37,37 Nigin (mod. Ishān Zurghul)
Nineveh,mod. Kuyunjik,"26,479","26,479 Nineveh (mod. Kuyunjik)"
Nineveh,mod. Nebi Yunus,9,9 Nineveh (mod. Nebi Yunus)
Nineveh,mod. Nīnūa,1,1 Nineveh (mod. Nīnūa)
Nippur,mod. Nuffar,"27,822","27,822 Nippur (mod. Nuffar)"
Pašime,mod. Tell Abu Sheeja,1,1 Pašime (mod. Tell Abu Sheeja)
Per-Bast,mod. Tell Basta,1,1 Per-Bast (mod. Tell Basta)
Puzriš-Dagan,mod. Drehem,"17,519","17,519 Puzriš-Dagan (mod. Drehem)"
Pārśa,mod. Persepolis,"2,581","2,581 Pārśa (mod. Persepolis)"
Pī-Kasî,mod. Tell Abu Antiq,422,422 Pī-Kasî (mod. Tell Abu Antiq)
Qasr-i Abu Nasr,mod. uncertain,1,1 Qasr-i Abu Nasr (mod. uncertain)
Qattara,mod. Tell al Rimah,547,547 Qattara (mod. Tell al Rimah)
Qatuna,mod. uncertain,1,1 Qatuna (mod. uncertain)
Qāṭīnu,mod. uncertain,1,1 Qāṭīnu (mod. uncertain)
Rusahinili,mod. Toprakkale,1,1 Rusahinili (mod. Toprakkale)
Sagub,mod. uncertain,14,14 Sagub (mod. uncertain)
Samal,mod. Zinčirli,5,5 Samal (mod. Zinčirli)
Samerina,mod. Samaria,1,1 Samerina (mod. Samaria)
Seleucia,mod. Tell 'Umar,29,29 Seleucia (mod. Tell 'Umar)
Shaddikanni,mod. Tell Ajaja,3,3 Shaddikanni (mod. Tell Ajaja)
Shaduppum,mod. Tell Harmal,"1,069","1,069 Shaduppum (mod. Tell Harmal)"
Shuruppak,mod. Fara,920,920 Shuruppak (mod. Fara)
Sippar-Amnanum,mod. Tell ed-Der,729,729 Sippar-Amnanum (mod. Tell ed-Der)
Sippar-Yahrurum,mod. Tell Abu Habbah,"6,853","6,853 Sippar-Yahrurum (mod. Tell Abu Habbah)"
Surkh Dum,mod. Sorḵdom,1,1 Surkh Dum (mod. Sorḵdom)
Surru,mod. uncertain,2,2 Surru (mod. uncertain)
Susa,mod. Shush,"4,517","4,517 Susa (mod. Shush)"
Susarra,mod. Tell Shemshara,263,263 Susarra (mod. Tell Shemshara)
Tall-I Takht,mod. Pasargadae,15,15 Tall-I Takht (mod. Pasargadae)
Tarbisu,mod. Tell Sherif Khan,44,44 Tarbisu (mod. Tell Sherif Khan)
Tema,mod. Tayma,12,12 Tema (mod. Tayma)
Terqa,mod. Ashara,145,145 Terqa (mod. Ashara)
Thêbai,mod. Thebes Beoticia Greece,38,38 Thêbai (mod. Thebes Beoticia Greece)
Tigunānum,mod. uncertain,11,11 Tigunānum (mod. uncertain)
Til Barsip,mod. Tell Ahmar,33,33 Til Barsip (mod. Tell Ahmar)
Timnah,mod. Khirbet Tibneh,19,19 Timnah (mod. Khirbet Tibneh)
Tripoli,mod. Al Mina,36,36 Tripoli (mod. Al Mina)
Tunip,mod. Acharneh,1,1 Tunip (mod. Acharneh)
Turbessel,mod. Tell Bāshir,13,13 Turbessel (mod. Tell Bāshir)
Tushhan,mod. Ziyaret Tepe,35,35 Tushhan (mod. Ziyaret Tepe)
Tuttul,mod. Tell Bi'a,393,393 Tuttul (mod. Tell Bi'a)
Tutub,mod. Khafaje,797,797 Tutub (mod. Khafaje)
Udannu,mod. uncertain,2,2 Udannu (mod. uncertain)
Ugarit,mod. Ras Shamra,"2,908","2,908 Ugarit (mod. Ras Shamra)"
Umma,mod. Tell Jokha,"36,875","36,875 Umma (mod. Tell Jokha)"
Uncertain,mod. Tell Kirbāsi,1,1 Uncertain (mod. Tell Kirbāsi)
Unqi,mod. Tell Ta'ynat,11,11 Unqi (mod. Tell Ta'ynat)
Upi,mod. Opis,3,3 Upi (mod. Opis)
Ur,mod. Tell Muqayyar,"12,385","12,385 Ur (mod. Tell Muqayyar)"
Urkesh,mod. Tell Mozan,40,40 Urkesh (mod. Tell Mozan)
Uruk,mod. Warka,"14,709","14,709 Uruk (mod. Warka)"
Yāhūdu,mod. uncertain,34,34 Yāhūdu (mod. uncertain)
Zabalam,mod. Tall Ibzaīykh,397,397 Zabalam (mod. Tall Ibzaīykh)
uncertain,mod. 'Ana,14,14 uncertain (mod. 'Ana)
uncertain,mod. Abu Fandowa,1,1 uncertain (mod. Abu Fandowa)
uncertain,mod. Abu Halawa,22,22 uncertain (mod. Abu Halawa)
uncertain,mod. Abu Jawan,11,11 uncertain (mod. Abu Jawan)
uncertain,mod. Abu Salabikh,573,573 uncertain (mod. Abu Salabikh)
uncertain,mod. Abu Sêcher,5,5 uncertain (mod. Abu Sêcher)
uncertain,mod. Abu-Maria,1,1 uncertain (mod. Abu-Maria)
uncertain,mod. Alisar,55,55 uncertain (mod. Alisar)
uncertain,mod. Amran,1,1 uncertain (mod. Amran)
uncertain,mod. Aqabi,2,2 uncertain (mod. Aqabi)
uncertain,mod. Aşağı Yarımca,2,2 uncertain (mod. Aşağı Yarımca)
uncertain,"mod. Babil, Turkey",2,"2 uncertain (mod. Babil, Turkey)"
uncertain,mod. Bardi Sanjian Bitwata,8,8 uncertain (mod. Bardi Sanjian Bitwata)
uncertain,mod. Bavian,4,4 uncertain (mod. Bavian)
uncertain,mod. Behistun,4,4 uncertain (mod. Behistun)
uncertain,mod. Beisan,1,1 uncertain (mod. Beisan)
uncertain,mod. Ben Shemen,2,2 uncertain (mod. Ben Shemen)
uncertain,mod. Beydar,225,225 uncertain (mod. Beydar)
uncertain,mod. Brissa,2,2 uncertain (mod. Brissa)
uncertain,mod. Cave Kalm-karra,2,2 uncertain (mod. Cave Kalm-karra)
uncertain,mod. Chamchamal,1,1 uncertain (mod. Chamchamal)
uncertain,mod. Chenar-e Pain,2,2 uncertain (mod. Chenar-e Pain)
uncertain,mod. Chia Puikeh,1,1 uncertain (mod. Chia Puikeh)
uncertain,mod. Chogha Mish,11,11 uncertain (mod. Chogha Mish)
uncertain,mod. Dawali,2,2 uncertain (mod. Dawali)
uncertain,mod. Deh-e No,6,6 uncertain (mod. Deh-e No)
uncertain,mod. Dharan,1,1 uncertain (mod. Dharan)
uncertain,mod. Diqdiqqah,180,180 uncertain (mod. Diqdiqqah)
uncertain,mod. Dohuk,1,1 uncertain (mod. Dohuk)
uncertain,mod. Dura-Europus,2,2 uncertain (mod. Dura-Europus)
uncertain,mod. El-Khargeh,2,2 uncertain (mod. El-Khargeh)
uncertain,mod. Failaka,2,2 uncertain (mod. Failaka)
uncertain,mod. Faqous,2,2 uncertain (mod. Faqous)
uncertain,mod. Gezer,4,4 uncertain (mod. Gezer)
uncertain,mod. Ghazir,1,1 uncertain (mod. Ghazir)
uncertain,mod. Gherla Romania,2,2 uncertain (mod. Gherla Romania)
uncertain,mod. Giricano,15,15 uncertain (mod. Giricano)
uncertain,mod. Glai'a,4,4 uncertain (mod. Glai'a)
uncertain,mod. Godin Tepe,39,39 uncertain (mod. Godin Tepe)
uncertain,mod. Habuba Kabira,25,25 uncertain (mod. Habuba Kabira)
uncertain,mod. Hadidi,15,15 uncertain (mod. Hadidi)
uncertain,mod. Hamadan,3,3 uncertain (mod. Hamadan)
uncertain,mod. Hazor,3,3 uncertain (mod. Hazor)
uncertain,mod. Hillah,4,4 uncertain (mod. Hillah)
uncertain,mod. Himeri,1,1 uncertain (mod. Himeri)
uncertain,mod. Himrin/Tell Suleimah,51,51 uncertain (mod. Himrin/Tell Suleimah)
uncertain,mod. Hissar,1,1 uncertain (mod. Hissar)
uncertain,mod. Hour Soleiman,3,3 uncertain (mod. Hour Soleiman)
uncertain,mod. Ibzaih,8,8 uncertain (mod. Ibzaih)
uncertain,mod. Ishan-Dhahak,3,3 uncertain (mod. Ishan-Dhahak)
uncertain,mod. Išān Hāfudh,4,4 uncertain (mod. Išān Hāfudh)
uncertain,mod. Jebel Aruda,13,13 uncertain (mod. Jebel Aruda)
uncertain,mod. Jedide,2,2 uncertain (mod. Jedide)
uncertain,mod. Jemdet Nasr,318,318 uncertain (mod. Jemdet Nasr)
uncertain,mod. Jericho,2,2 uncertain (mod. Jericho)
uncertain,mod. Jerwan,10,10 uncertain (mod. Jerwan)
uncertain,mod. Judi Dagh,7,7 uncertain (mod. Judi Dagh)
uncertain,mod. Kabret,1,1 uncertain (mod. Kabret)
uncertain,mod. Kam-Firouz,4,4 uncertain (mod. Kam-Firouz)
uncertain,mod. Kani Joni I,6,6 uncertain (mod. Kani Joni I)
uncertain,mod. Kani Joni II,1,1 uncertain (mod. Kani Joni II)
uncertain,mod. Kastri Cythera Greece,1,1 uncertain (mod. Kastri Cythera Greece)
uncertain,mod. Kermanshah,4,4 uncertain (mod. Kermanshah)
uncertain,mod. Khan Haswa,1,1 uncertain (mod. Khan Haswa)
uncertain,mod. Kibbutz Hama-apil,2,2 uncertain (mod. Kibbutz Hama-apil)
uncertain,mod. Kizkapanlı,1,1 uncertain (mod. Kizkapanlı)
uncertain,mod. Konar Sandal,4,4 uncertain (mod. Konar Sandal)
uncertain,mod. Kurkh,3,3 uncertain (mod. Kurkh)
uncertain,mod. Kuşaklı,43,43 uncertain (mod. Kuşaklı)
uncertain,mod. Lacarna,2,2 uncertain (mod. Lacarna)
uncertain,mod. Lahir,1,1 uncertain (mod. Lahir)
uncertain,mod. Lidar Höyük,1,1 uncertain (mod. Lidar Höyük)
uncertain,mod. Mah-i-dasht plain,4,4 uncertain (mod. Mah-i-dasht plain)
uncertain,mod. Mahmudiyah,1,1 uncertain (mod. Mahmudiyah)
uncertain,mod. Masat Höyük,116,116 uncertain (mod. Masat Höyük)
uncertain,mod. Mazyad,50,50 uncertain (mod. Mazyad)
uncertain,mod. Megiddo,2,2 uncertain (mod. Megiddo)
uncertain,mod. Merj Khamis,1,1 uncertain (mod. Merj Khamis)
uncertain,mod. Mila Mergi,2,2 uncertain (mod. Mila Mergi)
uncertain,mod. Mount Elvend,4,4 uncertain (mod. Mount Elvend)
uncertain,mod. Mugdan/Umm al-Jir,49,49 uncertain (mod. Mugdan/Umm al-Jir)
uncertain,mod. Māhān,1,1 uncertain (mod. Māhān)
uncertain,mod. Nahavand,2,2 uncertain (mod. Nahavand)
uncertain,mod. Nahr el-Kelb,4,4 uncertain (mod. Nahr el-Kelb)
uncertain,mod. Naqš-i-Rustam,11,11 uncertain (mod. Naqš-i-Rustam)
uncertain,mod. Nar-Madanu,1,1 uncertain (mod. Nar-Madanu)
uncertain,mod. Negub tunnel,2,2 uncertain (mod. Negub tunnel)
uncertain,mod. Nessana,1,1 uncertain (mod. Nessana)
uncertain,mod. Old Makhmur,1,1 uncertain (mod. Old Makhmur)
uncertain,mod. Ozbaki,1,1 uncertain (mod. Ozbaki)
uncertain,"mod. Padakka/Ha'it, Saudi Arabia",2,"2 uncertain (mod. Padakka/Ha'it, Saudi Arabia)"
uncertain,mod. Palmyra,11,11 uncertain (mod. Palmyra)
uncertain,mod. Pir Huseyin,1,1 uncertain (mod. Pir Huseyin)
uncertain,mod. Pāra,1,1 uncertain (mod. Pāra)
uncertain,mod. Qaṭibat,2,2 uncertain (mod. Qaṭibat)
uncertain,mod. Rabat Tepe,2,2 uncertain (mod. Rabat Tepe)
uncertain,mod. Ras Ibn Hani,93,93 uncertain (mod. Ras Ibn Hani)
uncertain,mod. Saba'a,1,1 uncertain (mod. Saba'a)
uncertain,mod. Samarra,5,5 uncertain (mod. Samarra)
uncertain,mod. Sar-i-pul-i-Zohāb,4,4 uncertain (mod. Sar-i-pul-i-Zohāb)
uncertain,mod. Sela,2,2 uncertain (mod. Sela)
uncertain,mod. Sepphoris,3,3 uncertain (mod. Sepphoris)
uncertain,mod. Shadad,1,1 uncertain (mod. Shadad)
uncertain,mod. Shahr-i Sokhta,1,1 uncertain (mod. Shahr-i Sokhta)
uncertain,mod. Shiqāft-i Gulgul,2,2 uncertain (mod. Shiqāft-i Gulgul)
uncertain,mod. Shir as-Sanam,1,1 uncertain (mod. Shir as-Sanam)
uncertain,mod. Sidon,2,2 uncertain (mod. Sidon)
uncertain,mod. Suez,2,2 uncertain (mod. Suez)
uncertain,mod. Sur Jar'a,39,39 uncertain (mod. Sur Jar'a)
uncertain,mod. Tall Imlīḥiyah,45,45 uncertain (mod. Tall Imlīḥiyah)
uncertain,mod. Tall al-Farḥa,2,2 uncertain (mod. Tall al-Farḥa)
uncertain,mod. Tall al-Qiṭar,1,1 uncertain (mod. Tall al-Qiṭar)
uncertain,mod. Tall-I Nokhodi,1,1 uncertain (mod. Tall-I Nokhodi)
uncertain,mod. Tang-i Var,1,1 uncertain (mod. Tang-i Var)
uncertain,mod. Tappeh Bormi,1,1 uncertain (mod. Tappeh Bormi)
uncertain,"mod. Tas-Silg, Malta",1,"1 uncertain (mod. Tas-Silg, Malta)"
uncertain,mod. Tell Abta,1,1 uncertain (mod. Tell Abta)
uncertain,mod. Tell Abu Galgal,3,3 uncertain (mod. Tell Abu Galgal)
uncertain,mod. Tell Abu Hajar,1,1 uncertain (mod. Tell Abu Hajar)
uncertain,mod. Tell Abu Harmal,5,5 uncertain (mod. Tell Abu Harmal)
uncertain,mod. Tell Abu Nakhlab,1,1 uncertain (mod. Tell Abu Nakhlab)
uncertain,mod. Tell Abu Qubur,1,1 uncertain (mod. Tell Abu Qubur)
uncertain,mod. Tell Agrab,155,155 uncertain (mod. Tell Agrab)
uncertain,mod. Tell Baradan,3,3 uncertain (mod. Tell Baradan)
uncertain,mod. Tell Basmaya,10,10 uncertain (mod. Tell Basmaya)
uncertain,mod. Tell Fakhariyah,16,16 uncertain (mod. Tell Fakhariyah)
uncertain,mod. Tell Fray,1,1 uncertain (mod. Tell Fray)
uncertain,mod. Tell Ghdairife,2,2 uncertain (mod. Tell Ghdairife)
uncertain,mod. Tell Hammam et-Turkman,3,3 uncertain (mod. Tell Hammam et-Turkman)
uncertain,mod. Tell Hammam,1,1 uncertain (mod. Tell Hammam)
uncertain,mod. Tell Huweish,1,1 uncertain (mod. Tell Huweish)
uncertain,mod. Tell Jidr,2,2 uncertain (mod. Tell Jidr)
uncertain,mod. Tell Kar,1,1 uncertain (mod. Tell Kar)
uncertain,mod. Tell Khaiber,150,150 uncertain (mod. Tell Khaiber)
uncertain,mod. Tell Muhammad,70,70 uncertain (mod. Tell Muhammad)
uncertain,mod. Tell Sabaa,12,12 uncertain (mod. Tell Sabaa)
uncertain,mod. Tell Sabi Abyad,18,18 uncertain (mod. Tell Sabi Abyad)
uncertain,mod. Tell Subeidi,42,42 uncertain (mod. Tell Subeidi)
uncertain,mod. Tell Sukas,1,1 uncertain (mod. Tell Sukas)
uncertain,mod. Tell Sweyhat,1,1 uncertain (mod. Tell Sweyhat)
uncertain,mod. Tell Taanach,1,1 uncertain (mod. Tell Taanach)
uncertain,mod. Tell Ubaid,17,17 uncertain (mod. Tell Ubaid)
uncertain,mod. Tell Uqair,42,42 uncertain (mod. Tell Uqair)
uncertain,mod. Tell Yarah,1,1 uncertain (mod. Tell Yarah)
uncertain,mod. Tell Yelkhi,98,98 uncertain (mod. Tell Yelkhi)
uncertain,mod. Tell al-Diba'i,54,54 uncertain (mod. Tell al-Diba'i)
uncertain,mod. Tell al-Hawa,16,16 uncertain (mod. Tell al-Hawa)
uncertain,mod. Tell al-Lahm,9,9 uncertain (mod. Tell al-Lahm)
uncertain,mod. Tell el-Hesi,1,1 uncertain (mod. Tell el-Hesi)
uncertain,mod. Tell el-Maskuta,1,1 uncertain (mod. Tell el-Maskuta)
uncertain,mod. Tell en-Nasbeh,1,1 uncertain (mod. Tell en-Nasbeh)
uncertain,mod. Tell es-Seeb,6,6 uncertain (mod. Tell es-Seeb)
uncertain,mod. Tepe Farukhabad,1,1 uncertain (mod. Tepe Farukhabad)
uncertain,mod. Tepe Gawra,2,2 uncertain (mod. Tepe Gawra)
uncertain,mod. Tepe Gotvand,1,1 uncertain (mod. Tepe Gotvand)
uncertain,mod. Tepe Sialk,29,29 uncertain (mod. Tepe Sialk)
uncertain,mod. Tepe Sofalin,11,11 uncertain (mod. Tepe Sofalin)
uncertain,mod. Tepe Yahya,28,28 uncertain (mod. Tepe Yahya)
uncertain,mod. Thebes,2,2 uncertain (mod. Thebes)
uncertain,mod. Tikrit,2,2 uncertain (mod. Tikrit)
uncertain,mod. Til-Buri,1,1 uncertain (mod. Til-Buri)
uncertain,mod. Tilmen Höyük,2,2 uncertain (mod. Tilmen Höyük)
uncertain,mod. Tulul Khatab,42,42 uncertain (mod. Tulul Khatab)
uncertain,mod. Tulul al-Lak,2,2 uncertain (mod. Tulul al-Lak)
uncertain,mod. Turlu Höyük,1,1 uncertain (mod. Turlu Höyük)
uncertain,mod. Tuz Hurmati,5,5 uncertain (mod. Tuz Hurmati)
uncertain,mod. Uluburun,1,1 uncertain (mod. Uluburun)
uncertain,mod. Umm Chatil,1,1 uncertain (mod. Umm Chatil)
uncertain,mod. Umm al-Aqarib,2,2 uncertain (mod. Umm al-Aqarib)
uncertain,mod. Umm al-Wawīya,7,7 uncertain (mod. Umm al-Wawīya)
uncertain,mod. Umm el-Djerab,7,7 uncertain (mod. Umm el-Djerab)
uncertain,mod. Umm el-Hafriyat,11,11 uncertain (mod. Umm el-Hafriyat)
uncertain,mod. Yanik Tepe,1,1 uncertain (mod. Yanik Tepe)
uncertain,mod. Yasuj,1,1 uncertain (mod. Yasuj)
uncertain,mod. Yoncali,3,3 uncertain (mod. Yoncali)
uncertain,mod. Za'aleh,1,1 uncertain (mod. Za'aleh)
uncertain,mod. Zalil Ab,1,1 uncertain (mod. Zalil Ab)
uncertain,mod. Zawiyya,2,2 uncertain (mod. Zawiyya)
uncertain,mod. el-Ghab,2,2 uncertain (mod. el-Ghab)
uncertain,mod. uncertain,"23,268","23,268 uncertain (mod. uncertain)"
uncertain,"mod. Çorum, Turkey",17,"17 uncertain (mod. Çorum, Turkey)"
uncertain,mod. Šišin,13,13 uncertain (mod. Šišin)
unknown,,19,19 unknown
Āl-šarri,mod. uncertain,5,5 Āl-šarri (mod. uncertain)
Āl-šarri-ša-qašti-eššeti,mod. uncertain,1,1 Āl-šarri-ša-qašti-eššeti (mod. uncertain)
Ālu-ša-Našar,mod. uncertain,36,36 Ālu-ša-Našar (mod. uncertain)
Ālu-ša-Ṭūb-Yāma,mod. uncertain,1,1 Ālu-ša-Ṭūb-Yāma (mod. uncertain)
Šahdad,mod. Kerman,2,2 Šahdad (mod. Kerman)
Šapinuwa,mod. Ortaköy,21,21 Šapinuwa (mod. Ortaköy)
Šašrum,mod. uncertain,1,1 Šašrum (mod. uncertain)
Šaḫrinu,mod. uncertain,1,1 Šaḫrinu (mod. uncertain)
Šibaniba,mod. Tell Billa,164,164 Šibaniba (mod. Tell Billa)
Šubat-Enlil,mod. Leilan,436,436 Šubat-Enlil (mod. Leilan)
Šūru,mod. uncertain,5,5 Šūru (mod. uncertain)
Ḫadatu,mod. Arslan Tash,13,13 Ḫadatu (mod. Arslan Tash)
Ḫadiranu-ša-Nabu,mod. uncertain,1,1 Ḫadiranu-ša-Nabu (mod. uncertain)
Ḫarbe,mod. Tell Chuera,97,97 Ḫarbe (mod. Tell Chuera)
Ḫattusa,mod. Boğazkale,"14,522","14,522 Ḫattusa (mod. Boğazkale)"
Ṣurmeš,mod. uncertain,2,2 Ṣurmeš (mod. uncertain)
Ṭābetu,mod. Tell Taban,18,18 Ṭābetu (mod. Tell Taban)