,P771,Len,Aen,FG_qid,P694,P48
FG_Qid,Wikidata_qid,transciption_name,cdli_legacy_'Len',ancientplace,id_text2,coord
Q390152,Q1000878,Muradiye,,https://database.factgrid.de/entity/Q390152,,Point(43.7634 38.9913)
Q389888,Q102355646,Garshana,Garšana (mod. uncertain),https://database.factgrid.de/entity/Q389888,38,Point(46.1189 31.4433)
Q389722,Q1025825,Shahr-i Sūkhta,uncertain (mod. Shahr-i Sokhta),https://database.factgrid.de/entity/Q389722,309,Point(61.328 30.5961)
Q390040,Q1039186,Zinčirli,Samal (mod. Zinčirli),https://database.factgrid.de/entity/Q390040,14,Point(36.6783 37.1035)
Q389604,Q103943905,Kourion,Kourion (mod. Cyprus),https://database.factgrid.de/entity/Q389604,375,Point(32.8844 34.6666)
Q390044,Q1040082,Kuşaklı,uncertain (mod. Kuşaklı),https://database.factgrid.de/entity/Q390044,190,Point(36.9096 39.3084)
Q389850,Q1074177,Tall Ibzaīykh,Zabalam (mod. Ibzaikh) : uncertain (mod. Ibzaih),https://database.factgrid.de/entity/Q389850,98,Point(45.8749 31.7436)
Q389850,Q1074177,Tall Ibzaīykh,Zabalam (mod. Ibzaikh) : uncertain (mod. Ibzaih),https://database.factgrid.de/entity/Q389850,99,Point(45.8749 31.7436)
Q390121,Q10758333,Elmalık,,https://database.factgrid.de/entity/Q390121,,Point(43.3098 38.4119)
Q389905,Q108153301,Kutalla,Kutalla (mod. Tell Sifr) : uncertain (mod. Tell Sifr),https://database.factgrid.de/entity/Q389905,210,Point(45.9672 31.2946)
Q389905,Q108153301,Kutalla,Kutalla (mod. Tell Sifr) : uncertain (mod. Tell Sifr),https://database.factgrid.de/entity/Q389905,167,Point(45.9672 31.2946)
Q389894,Q108830416,Tell Hadad,Me-Turran (mod. Tell Haddad),https://database.factgrid.de/entity/Q389894,149,Point(45.0563 34.1928)
Q389848,Q1096108,Kutha,Kutha (mod. Tell Ibrahim),https://database.factgrid.de/entity/Q389848,23,Point(44.6112 32.7605)
Q389673,Q1132798,Zippori,uncertain (mod. Sepphoris),https://database.factgrid.de/entity/Q389673,307,Point(35.279 32.7529)
Q390092,Q1143135,Cudi Dağı,uncertain (mod. Judi Dagh),https://database.factgrid.de/entity/Q390092,224,Point(42.3668 37.3838)
Q389654,Q1171924,Daskileion,,https://database.factgrid.de/entity/Q389654,,Point(28.0507 40.1326)
Q389816,Q1183843,Al-Marjab,,https://database.factgrid.de/entity/Q389816,,Point(46.1575 30.8627)
Q390079,Q118995,Muş,,https://database.factgrid.de/entity/Q390079,,Point(41.4794 38.733)
Q389822,Q11935295,Mardaman,uncertain (mod. Bassetki),https://database.factgrid.de/entity/Q389822,24,Point(42.7213 36.9589)
Q389857,Q1193666,Dilbat,Dilbat (mod. Deilam),https://database.factgrid.de/entity/Q389857,253,Point(44.4668 32.2961)
Q389758,Q1195993,Karmir blur,,https://database.factgrid.de/entity/Q389758,,Point(44.4509 40.1529)
Q389940,Q1196243,Emar,Emar (mod. Tell Meskene),https://database.factgrid.de/entity/Q389940,143,Point(38.1126 35.9876)
Q389806,Q12185893,Al-Ḥāīṭ,"uncertain (mod. Padakka/Ha'it, Saudi Arabia) : uncertain (mod. al Ḥā'iṭ Saudi Arabia)",https://database.factgrid.de/entity/Q389806,112,Point(40.4668 25.9786)
Q389806,Q12185893,Al-Ḥāīṭ,"uncertain (mod. Padakka/Ha'it, Saudi Arabia) : uncertain (mod. al Ḥā'iṭ Saudi Arabia)",https://database.factgrid.de/entity/Q389806,443,Point(40.4668 25.9786)
Q389789,Q1254502,Arslan Tash,Ḫadatu (mod. Arslan Tash),https://database.factgrid.de/entity/Q389789,35,Point(38.4078 36.8484)
Q390027,Q1266141,Haft Tepe,Kabnak (mod. Haft Tepe),https://database.factgrid.de/entity/Q390027,100,Point(48.3276 32.0803)
Q389795,Q1287526,Ūbīs,Upi (mod. Opis),https://database.factgrid.de/entity/Q389795,55,Point(44.7014 33.1844)
Q389698,Q129072,Takht-i Jamshīd,Pārśa (mod. Persepolis),https://database.factgrid.de/entity/Q389698,92,Point(52.8925 29.9343)
Q389968,Q1305112,Khafājī,Tutub (mod. Khafaje),https://database.factgrid.de/entity/Q389968,130,Point(44.5559 33.3554)
Q390014,Q132272,Kish,Uhaimir-Kish (mod. Tell Uhaimir) : Kish (mod. Tell Ingharra) : Kish (mod. Tell Uhaimir) : Hursagkalama (mod. Ingharra) : Kish (mod. Tell el-Bender),https://database.factgrid.de/entity/Q390014,71,Point(44.5949 32.5455)
Q390014,Q132272,Kish,Uhaimir-Kish (mod. Tell Uhaimir) : Kish (mod. Tell Ingharra) : Kish (mod. Tell Uhaimir) : Hursagkalama (mod. Ingharra) : Kish (mod. Tell el-Bender),https://database.factgrid.de/entity/Q390014,85,Point(44.5949 32.5455)
Q390014,Q132272,Kish,Uhaimir-Kish (mod. Tell Uhaimir) : Kish (mod. Tell Ingharra) : Kish (mod. Tell Uhaimir) : Hursagkalama (mod. Ingharra) : Kish (mod. Tell el-Bender),https://database.factgrid.de/entity/Q390014,184,Point(44.5949 32.5455)
Q390014,Q132272,Kish,Uhaimir-Kish (mod. Tell Uhaimir) : Kish (mod. Tell Ingharra) : Kish (mod. Tell Uhaimir) : Hursagkalama (mod. Ingharra) : Kish (mod. Tell el-Bender),https://database.factgrid.de/entity/Q390014,281,Point(44.5949 32.5455)
Q390014,Q132272,Kish,Uhaimir-Kish (mod. Tell Uhaimir) : Kish (mod. Tell Ingharra) : Kish (mod. Tell Uhaimir) : Hursagkalama (mod. Ingharra) : Kish (mod. Tell el-Bender),https://database.factgrid.de/entity/Q390014,391,Point(44.5949 32.5455)
Q390070,Q1329616,Dicle Tüneli,,https://database.factgrid.de/entity/Q390070,,Point(40.549 38.5291)
Q389668,Q1344411,Fanagorii͡a,,https://database.factgrid.de/entity/Q389668,,Point(36.9584 45.2759)
Q390045,Q134703,Marash,Marqasu (mod. Kahramanmaraş),https://database.factgrid.de/entity/Q390045,394,Point(36.9253 37.587)
Q390056,Q1347916,Sultantepe,Huzirina (mod. Sultantepe),https://database.factgrid.de/entity/Q390056,263,Point(38.9062 37.0501)
Q390038,Q1352918,Kayalıpınar,,https://database.factgrid.de/entity/Q390038,,Point(36.5279 39.6211)
Q389875,Q1372270,Bad-tibira,Bad-Tibira (mod. Tell Medinah),https://database.factgrid.de/entity/Q389875,133,Point(46.004 31.3832)
Q390041,Q1379828,Tilmen Höyük,uncertain (mod. Tilmen Höyük),https://database.factgrid.de/entity/Q390041,440,Point(36.7037 37.0302)
Q389974,Q1438447,Ras Ibn Hānī,uncertain (mod. Ibn Hani),https://database.factgrid.de/entity/Q389974,94,Point(35.7348 35.587)
Q389656,Q14751553,İnandıktepe,,https://database.factgrid.de/entity/Q389656,,Point(33.5352 40.381)
Q390128,Q1521344,Toprakkale,"Toprakkale, Eastern Anatolia",https://database.factgrid.de/entity/Q390128,218,Point(43.4064 38.5102)
Q390046,Q1528589,Oylum Höyük,,https://database.factgrid.de/entity/Q390046,,Point(37.1786 36.6988)
Q389670,Q1567031,Habuba Kabira,uncertain (mod. Habuba Kabira),https://database.factgrid.de/entity/Q389670,44,Point(38.0609 36.1501)
Q389606,Q1570185,Hala Sultan Tekes,,https://database.factgrid.de/entity/Q389606,,Point(33.6059 34.8856)
Q389835,Q1581555,Tapah Sīyalk,uncertain (mod. Tepe Sialk),https://database.factgrid.de/entity/Q389835,74,Point(51.4042 33.9688)
Q389981,Q15876602,Idu,Idu (mod. Hīt),https://database.factgrid.de/entity/Q389981,387,Point(44.6965 35.8739)
Q91761,Q163490,Ṣaiydā,uncertain (mod. Sidon) ?,https://database.factgrid.de/entity/Q91761,144,Point(35.3981 33.5606)
Q91761,Q163490,Ṣaiydā,uncertain (mod. Sidon) ?,https://database.factgrid.de/entity/Q91761,144,Point(35.3697 33.5625)
Q389891,Q1658146,Tell Beydar,uncertain (mod. Beydar),https://database.factgrid.de/entity/Q389891,260,Point(40.5872 36.7381)
Q389948,Q165841,Kar-Tukulti-Ninurta,Kar-Tukulti-Ninurta (mod. Tulul al-ʿAqir),https://database.factgrid.de/entity/Q389948,234,Point(43.2793 35.4944)
Q389827,Q1659846,Balawat,Imgur-Enlil (mod. Balawat),https://database.factgrid.de/entity/Q389827,275,Point(43.4033 36.2294)
Q389993,Q167993,Ṭabaqat Faḥl,,https://database.factgrid.de/entity/Q389993,,Point(35.613 32.4501)
Q390030,Q168518,Warkāʼ,Uruk (mod. Warka),https://database.factgrid.de/entity/Q390030,105,Point(45.6395 31.3234)
Q389862,Q1693787,Tell Chuera,Ḫarbe (mod. Tell Chuera),https://database.factgrid.de/entity/Q389862,204,Point(39.4981 36.6469)
Q91165,Q170047,Sāmmarā,uncertain (mod. Samarra) ?,https://database.factgrid.de/entity/Q91165,282,Point(43.8795 34.2291)
Q91165,Q170047,Sāmmarā,uncertain (mod. Samarra) ?,https://database.factgrid.de/entity/Q91165,282,Point(43.8667 34.2)
Q389924,Q1716909,Tall ʻUqair,uncertain (mod. Tell Uqair),https://database.factgrid.de/entity/Q389924,72,Point(44.6643 32.7817)
Q389605,Q1743884,Kition,uncertain (mod. Lacarna),https://database.factgrid.de/entity/Q389605,417,Point(33.6329 34.9201)
Q92367,Q174916,Ṭarṭūs,,https://database.factgrid.de/entity/Q92367,,Point(35.8865 34.8958)
Q92367,Q174916,Ṭarṭūs,,https://database.factgrid.de/entity/Q92367,,Point(35.8833 34.8833)
Q389651,Q1757438,Samaria,Samerina (mod. Samaria),https://database.factgrid.de/entity/Q389651,398,Point(35.1897 32.2763)
Q389723,Q180773,Shūsh,Susa (mod. Shush),https://database.factgrid.de/entity/Q389723,12,Point(48.2569 32.1895)
Q389658,Q181007,Hattusa,Ḫattusa (mod. Boğazkale),https://database.factgrid.de/entity/Q389658,171,Point(34.6164 40.0144)
Q389622,Q1810451,Tahpanhes,,https://database.factgrid.de/entity/Q389622,,Point(32.1774 30.8579)
Q390017,Q188395,Nufar,Nippur (mod. Nuffar),https://database.factgrid.de/entity/Q390017,22,Point(45.23 32.1271)
Q389975,Q191369,Rās Shamrah,Ugarit (mod. Ras Shamra),https://database.factgrid.de/entity/Q389975,131,Point(35.7853 35.6021)
Q389607,Q192268,Abydos,"Abdju (mod. Abydos, Egypt)",https://database.factgrid.de/entity/Q389607,104,Point(31.908 26.1747)
Q390010,Q193268,Arrapha,Arrapha (mod. Kirkuk),https://database.factgrid.de/entity/Q390010,165,Point(44.3957 35.4701)
Q389843,Q195128,Tall Abū Ṣālabīkh,uncertain (mod. Abu Salabikh),https://database.factgrid.de/entity/Q389843,73,Point(45.0544 32.2526)
Q389941,Q1952563,Mumbaqat,Ekalte (mod. Tell Munbaqa),https://database.factgrid.de/entity/Q389941,214,Point(38.1298 36.2182)
Q389859,Q195286,Qatara,Qatara (mod. Tell al Rimah),https://database.factgrid.de/entity/Q389859,242,Point(42.45 36.2569)
Q390059,Q199547,Harran,Harran (mod. Harran),https://database.factgrid.de/entity/Q390059,202,Point(39.0309 36.8634)
Q390001,Q200200,Assur,uncertain (mod. Kalah Shergat) : Assur (mod. Qalat Sherqat),https://database.factgrid.de/entity/Q390001,211,Point(43.2611 35.4557)
Q390001,Q200200,Assur,uncertain (mod. Kalah Shergat) : Assur (mod. Qalat Sherqat),https://database.factgrid.de/entity/Q390001,205,Point(43.2611 35.4557)
Q390004,Q206236,Qā`lah Arbīl,,https://database.factgrid.de/entity/Q390004,,Point(44.0093 36.1913)
Q389880,Q207330,Lagash,Lagash (mod. El-Hiba),https://database.factgrid.de/entity/Q389880,39,Point(46.4108 31.4182)
Q389787,Q210065,Eridu,Eridu (mod. Abu Shahrain),https://database.factgrid.de/entity/Q389787,59,Point(45.9962 30.8169)
Q389615,Q210598,Tanis,,https://database.factgrid.de/entity/Q389615,,Point(31.8845 30.9746)
Q390142,Q21209718,Erek Daǧ,,https://database.factgrid.de/entity/Q390142,,Point(43.5556 38.4813)
Q389898,Q2142541,Guzana,,https://database.factgrid.de/entity/Q389898,,Point(40.0399 36.8268)
Q389885,Q21587404,Tell Budayri,,https://database.factgrid.de/entity/Q389885,,Point(40.8136 36.3875)
Q389954,Q21592013,Kar-Assurnazirpal,,https://database.factgrid.de/entity/Q389954,,Point(40.5553 34.9738)
Q389625,Q217379,Tiryns,,https://database.factgrid.de/entity/Q389625,,Point(22.8003 37.5992)
Q389912,Q2273816,Tall Shimshārah,Susarra (mod. Tell Shemshara),https://database.factgrid.de/entity/Q389912,401,Point(44.9384 36.2016)
Q389998,Q2351767,A'ali,"Dilmun (mod. A'ali, Bahrain)",https://database.factgrid.de/entity/Q389998,376,Point(50.5256 26.1517)
Q390020,Q237614,Nimrud,"Kalhu (mod. Nimrud) : uncertain (mod. Tawfiqiyah, nearby) : uncertain (mod. Tawfiqiyah)",https://database.factgrid.de/entity/Q390020,229,Point(43.3385 36.1022)
Q390020,Q237614,Nimrud,"Kalhu (mod. Nimrud) : uncertain (mod. Tawfiqiyah, nearby) : uncertain (mod. Tawfiqiyah)",https://database.factgrid.de/entity/Q390020,81,Point(43.3385 36.1022)
Q389884,Q2390471,Tell Bazi,,https://database.factgrid.de/entity/Q389884,,Point(38.2762 36.4273)
Q389608,Q239107,Edfu,,https://database.factgrid.de/entity/Q389608,,Point(32.8728 24.9782)
Q86331,Q243846,Al-Ḥilah,uncertain (mod. Hillah),https://database.factgrid.de/entity/Q86331,53,Point(44.4361 32.4844)
Q86331,Q243846,Al-Ḥilah,uncertain (mod. Hillah),https://database.factgrid.de/entity/Q86331,53,Point(44.4333 32.4833)
Q389860,Q244746,Larsa,Larsa (mod. Tell as-Senkereh),https://database.factgrid.de/entity/Q389860,168,Point(45.8549 31.2832)
Q389896,Q244762,Mari,Mari (mod. Tell Hariri),https://database.factgrid.de/entity/Q389896,161,Point(40.8887 34.5504)
Q389969,Q253208,Dur-Sharrukin,Dur-Šarrukin (mod. Khorsabad),https://database.factgrid.de/entity/Q389969,290,Point(43.2347 36.5035)
Q390003,Q25404315,Kilizu,Kilizu (mod. Qasr Shamamuk),https://database.factgrid.de/entity/Q390003,302,Point(43.7514 36.1039)
Q389841,Q2574582,Mashkan-shapir,Maškan-šapir (mod. Tell Abu Duwari),https://database.factgrid.de/entity/Q389841,192,Point(45.2207 32.4055)
Q389922,Q262432,Der,Der (mod. Tell Aqar),https://database.factgrid.de/entity/Q389922,178,Point(45.9316 33.1238)
Q389801,Q26846061,Ishān Dulaiyhim,,https://database.factgrid.de/entity/Q389801,,Point(45.4108 31.9985)
Q389901,Q26851042,Tall Ḥuwaysh,uncertain (mod. Tell Huweish),https://database.factgrid.de/entity/Q389901,95,Point(43.2304 35.5931)
Q389648,Q27124611,Tell Damiya,,https://database.factgrid.de/entity/Q389648,,Point(35.5469 32.1038)
Q390134,Q272699,Çavuştepe,,https://database.factgrid.de/entity/Q390134,,Point(43.4619 38.3533)
Q389952,Q27365,Ṭaymā,Tema (mod. Tayma),https://database.factgrid.de/entity/Q389952,402,Point(38.5499 27.6219)
Q389869,Q2740784,Tell al-Fakhar,,https://database.factgrid.de/entity/Q389869,,Point(43.9799 35.3808)
Q390113,Q281932,Arzashkun,,https://database.factgrid.de/entity/Q390113,,Point(43.0669 38.8107)
Q389957,Q283680,Karkemish,Karkemish (mod. Djerabis),https://database.factgrid.de/entity/Q389957,270,Point(38.0156 36.8294)
Q389616,Q287731,El-Tod,,https://database.factgrid.de/entity/Q389616,,Point(32.5332 25.5832)
Q389640,Q2916736,Timnah,Timnah (mod. Khirbet Tibneh),https://database.factgrid.de/entity/Q389640,404,Point(34.911 31.7847)
Q390167,Q3110595,Gonur Depe,,https://database.factgrid.de/entity/Q390167,,Point(62.0377 38.2129)
Q389627,Q31214587,Tell ‘Ali,,https://database.factgrid.de/entity/Q389627,,Point(43.682 35.3819)
Q389967,Q3127717,Haradum,Haradum (mod. Khirbet ed-Diniye),https://database.factgrid.de/entity/Q389967,276,Point(41.5866 34.4611)
Q390110,Q32083,Ahtamar,,https://database.factgrid.de/entity/Q390110,,Point(43.037 38.3401)
Q389944,Q3217825,Larak,Larak (mod. Tell Wilayah) : Kesh (mod. Wilaya ?),https://database.factgrid.de/entity/Q389944,132,Point(45.6602 32.3127)
Q390037,Q3303460,Maşat Höyük,uncertain (mod. Masat Höyük),https://database.factgrid.de/entity/Q390037,5,Point(35.7624 40.1481)
Q389790,Q3338309,Tell Ishchali,Nerebtum (mod. Iščali),https://database.factgrid.de/entity/Q389790,245,Point(44.5828 33.3029)
Q389932,Q3398568,Tall Kazal,,https://database.factgrid.de/entity/Q389932,,Point(35.9862 34.7085)
Q389903,Q3411130,Puzrish-Dagan,Puzriš-Dagan (mod. Drehem),https://database.factgrid.de/entity/Q389903,160,Point(45.2922 32.0591)
Q389603,Q346445,Adab,Adab (mod. Bismaya),https://database.factgrid.de/entity/Q389603,252,Point(45.6233 31.9509)
Q389895,Q3481186,Tall Ḥarmal,Šaduppum (mod. Tell Harmal) : uncertain (mod. Tell Abu Harmal),https://database.factgrid.de/entity/Q389895,221,Point(44.4666 33.3098)
Q389895,Q3481186,Tall Ḥarmal,Šaduppum (mod. Tell Harmal) : uncertain (mod. Tell Abu Harmal),https://database.factgrid.de/entity/Q389895,96,Point(44.4666 33.3098)
Q389804,Q3482023,Tall Billah,Shibaniba (mod. Tell Billa) : Šibaniba (mod. Tell Billa),https://database.factgrid.de/entity/Q389804,176,Point(43.3481 36.4335)
Q389804,Q3482023,Tall Billah,Shibaniba (mod. Tell Billa) : Šibaniba (mod. Tell Billa),https://database.factgrid.de/entity/Q389804,526,Point(43.3481 36.4335)
Q389612,Q3517370,Tell El-Dab'a,,https://database.factgrid.de/entity/Q389612,,Point(31.8233 30.7867)
Q390033,Q3620,Ortaköy,uncertain (mod. Ortaköy),https://database.factgrid.de/entity/Q390033,283,Point(35.2375 40.2541)
Q389831,Q375685,Eshnunna,Ešnunna (mod. Tell Asmar),https://database.factgrid.de/entity/Q389831,91,Point(44.7276 33.4837)
Q389911,Q3818869,Tall Sharīf Khān,Tarbisu (mod. Tell Sherif Khan),https://database.factgrid.de/entity/Q389911,84,Point(43.0774 36.4089)
Q389889,Q3822951,Tell Barri,Kahat (mod. Tell Barri),https://database.factgrid.de/entity/Q389889,300,Point(41.127 36.7386)
Q390011,Q3849877,Kalīshīn,,https://database.factgrid.de/entity/Q390011,,Point(44.8994 36.9171)
Q389927,Q392725,Tall Fārā,Šuruppak (mod. Fara),https://database.factgrid.de/entity/Q389927,54,Point(45.5113 31.7772)
Q389752,Q39565,Gavar,,https://database.factgrid.de/entity/Q389752,,Point(45.1383 40.3547)
Q389609,Q4115642,Al-Kharjah,uncertain (mod. El-Khargeh),https://database.factgrid.de/entity/Q389609,409,Point(30.5552 25.4764)
Q389871,Q4115974,Karamlesh,,https://database.factgrid.de/entity/Q389871,,Point(43.4095 36.3056)
Q389910,Q4120161,Chagar Bazar,uncertain (mod. Chagar Bazar),https://database.factgrid.de/entity/Q389910,136,Point(40.8978 36.8755)
Q389921,Q4120177,Tall ‘Arbīd,,https://database.factgrid.de/entity/Q389921,,Point(41.0207 36.8728)
Q390062,Q447212,Altıntepe,,https://database.factgrid.de/entity/Q390062,,Point(39.6467 39.6964)
Q85914,Q4495225,Hama,Hamath (mod. Hama),https://database.factgrid.de/entity/Q85914,384,Point(36.7479 35.131)
Q85914,Q4495225,Hama,Hamath (mod. Hama),https://database.factgrid.de/entity/Q85914,384,Point(36.75 35.133333333)
Q390034,Q451078,Alişar Hüyük,uncertain (mod. Alisar),https://database.factgrid.de/entity/Q390034,227,Point(35.2614 39.6059)
Q389709,Q4523,Chogha Zanbil,Dur-Untaš (mod. Chogha Zanbil),https://database.factgrid.de/entity/Q389709,109,Point(48.5229 32.0078)
Q389973,Q464266,Dura-Europos,uncertain (mod. Dura-Europus),https://database.factgrid.de/entity/Q389973,220,Point(40.7298 34.7479)
Q389876,Q4702907,Tall al-Mishrifah,,https://database.factgrid.de/entity/Q389876,,Point(36.8663 34.8346)
Q390073,Q4819172,Ziyaret Tepe,Tushhan (mod. Ziyaret Tepe),https://database.factgrid.de/entity/Q390073,244,Point(40.7929 37.7936)
Q389863,Q487614,Tell Sheikh Hamad,Dur-Katlimmu (mod. Tall Shekh Hamad),https://database.factgrid.de/entity/Q389863,135,Point(40.7436 35.6463)
Q389800,Q501259,Isin,Isin (mod. Bahriyat),https://database.factgrid.de/entity/Q389800,303,Point(45.2688 31.8852)
Q390104,Q509324,Patnos,,https://database.factgrid.de/entity/Q390104,,Point(42.864 39.2332)
Q389611,Q522862,Karnak,,https://database.factgrid.de/entity/Q389611,,Point(32.6586 25.7168)
Q389767,Q53483,Odzaberd,,https://database.factgrid.de/entity/Q389767,,Point(45.495 40.1537)
Q390036,Q538605,Kültepe,Kanesh (mod. Kültepe),https://database.factgrid.de/entity/Q390036,291,Point(35.6365 38.8517)
Q389647,Q5431857,Falerii,,https://database.factgrid.de/entity/Q389647,,Point(12.4217 42.2988)
Q390114,Q54571,Ayanıs,,https://database.factgrid.de/entity/Q390114,,Point(43.2114 38.7083)
Q389659,Q558861,Alaça Höyuk,,https://database.factgrid.de/entity/Q389659,,Point(34.6951 40.2344)
Q389662,Q5626760,Tarsus,,https://database.factgrid.de/entity/Q389662,,Point(34.8956 36.9123)
Q390025,Q5680,Nīnūa,Nineveh (mod. Kuyunjik) : Nineveh (mod. Nebi Yunus),https://database.factgrid.de/entity/Q390025,279,Point(43.1621 36.3582)
Q390025,Q5680,Nīnūa,Nineveh (mod. Kuyunjik) : Nineveh (mod. Nebi Yunus),https://database.factgrid.de/entity/Q390025,86,Point(43.1621 36.3582)
Q389820,Q5684,Babylon,Bābili (mod. Babylon) : uncertain (mod. Amran),https://database.factgrid.de/entity/Q389820,299,Point(44.4258 32.535)
Q389820,Q5684,Babylon,Bābili (mod. Babylon) : uncertain (mod. Amran),https://database.factgrid.de/entity/Q389820,200,Point(44.4258 32.535)
Q389701,Q569107,Malyan,Anšan (mod. Tell Malyan),https://database.factgrid.de/entity/Q389701,286,Point(52.4123 30.0119)
Q389877,Q5699,Tall al-Muqayyar,Ur (mod. Tell Muqayyar),https://database.factgrid.de/entity/Q389877,21,Point(46.1063 30.9607)
Q389610,Q5736,Amarna,Akhetaten (mod. el-Amarna),https://database.factgrid.de/entity/Q389610,266,Point(30.8959 27.64)
Q389938,Q5743,Ebla,Ebla (mod. Tell Mardikh),https://database.factgrid.de/entity/Q389938,79,Point(36.7983 35.799)
Q389868,Q575249,Alalakh,Alalakh (mod. Tell Açana) : uncertain (mod. Tell Atshana),https://database.factgrid.de/entity/Q389868,162,Point(36.3842 36.2377)
Q92481,Q5760,Thebes,Thêbai (mod. Thebes Beoticia Greece),https://database.factgrid.de/entity/Q92481,403,Point(23.3177 38.3207)
Q389653,Q5843680,Halicarnassus,Halicarnassus (mod. Halicarnassus),https://database.factgrid.de/entity/Q389653,382,Point(27.4241 37.0379)
Q389703,Q5845929,Tankīwar,uncertain (mod. Tang-i Var),https://database.factgrid.de/entity/Q389703,429,Point(46.6182 34.9961)
Q389934,Q588192,Tall Laiylān,Šubat-Enlil (mod. Leilan),https://database.factgrid.de/entity/Q389934,289,Point(41.5069 36.9579)
Q389836,Q607583,Tapah Gawra,uncertain (mod. Tepe Gawra),https://database.factgrid.de/entity/Q389836,285,Point(43.2604 36.4958)
Q390048,Q6085880,Turlu Höyük,uncertain (mod. Turlu Höyük),https://database.factgrid.de/entity/Q390048,441,Point(37.7581 37.0676)
Q390054,Q6087910,Habıbuşaǧı,,https://database.factgrid.de/entity/Q390054,,Point(38.7937 38.4334)
Q390072,Q6093972,Giricano,uncertain (mod. Giricano),https://database.factgrid.de/entity/Q390072,150,Point(40.7499 37.8169)
Q82414,Q60956,Ashkelon,Isqalluna (mod. Ashkelon),https://database.factgrid.de/entity/Q82414,251,Point(34.5471 31.6629)
Q390055,Q6097573,Kazane Höyük,,https://database.factgrid.de/entity/Q390055,,Point(38.846 37.1196)
Q389660,Q6100895,Eskiyapar,,https://database.factgrid.de/entity/Q389660,,Point(34.773 40.1581)
Q390074,Q6101667,Girnavaz,,https://database.factgrid.de/entity/Q390074,,Point(41.2304 37.1049)
Q389840,Q619707,Tall Abū Ḥabbah,Sippar-Yahrurum (mod. Tell Abu Habbah),https://database.factgrid.de/entity/Q389840,25,Point(44.2552 33.0605)
Q389923,Q622719,Dur-Kurigalzu,Dur-Kurigalzu (mod. Aqar Quf),https://database.factgrid.de/entity/Q389923,13,Point(44.1888 33.3599)
Q389825,Q625134,Borsippa,Borsippa (mod. Birs Nimrud),https://database.factgrid.de/entity/Q389825,83,Point(44.3434 32.3924)
Q389853,Q644872,Tall al-Ashārah,Terqa (mod. Ashara),https://database.factgrid.de/entity/Q389853,250,Point(40.5677 34.9229)
Q389745,Q648705,Naqsh Rustam,uncertain (mod. Naqš-i-Rustam),https://database.factgrid.de/entity/Q389745,422,Point(52.8745 29.9885)
Q389854,Q657272,Tall al-Bīʻa,Tuttul (mod. Tell Bi'a),https://database.factgrid.de/entity/Q389854,26,Point(39.0471 35.958)
Q390144,Q6578608,Savacık,,https://database.factgrid.de/entity/Q390144,,Point(43.6173 38.4123)
Q389686,Q6659990,Liyan,,https://database.factgrid.de/entity/Q389686,,Point(50.8744 28.8853)
Q389748,Q675636,Armavir,,https://database.factgrid.de/entity/Q389748,,Point(44.0332 40.082)
Q389638,Q682612,Antipatris,Antipatris (mod. Tel Aphek),https://database.factgrid.de/entity/Q389638,10,Point(34.9311 32.1053)
Q389878,Q690035,Kadesh,,https://database.factgrid.de/entity/Q389878,,Point(36.5194 34.557)
Q390052,Q705132,Arslantepe Höyüğü,Melidu (mod. Arslantepe),https://database.factgrid.de/entity/Q390052,395,Point(38.3612 38.382)
Q389925,Q7199033,Tall ‘Aushariyah,,https://database.factgrid.de/entity/Q389925,,Point(38.0755 36.6599)
Q389747,Q733610,Erebuni,,https://database.factgrid.de/entity/Q389747,,Point(44.538 40.1405)
Q390005,Q740104,Qal’at al Bahrain,Dilmun (mod. Qal'at al-Bahrain),https://database.factgrid.de/entity/Q390005,377,Point(50.5209 26.2328)
Q389833,Q740952,Tall Jūka,Umma (mod. Tell Jokha),https://database.factgrid.de/entity/Q389833,154,Point(45.8861 31.6669)
Q389819,Q745727,Īshān Zurghul,Nigin (mod. Surghul) : Sirara (mod. Tell Zurghul),https://database.factgrid.de/entity/Q389819,40,Point(46.4948 31.3777)
Q389819,Q745727,Īshān Zurghul,Nigin (mod. Surghul) : Sirara (mod. Tell Zurghul),https://database.factgrid.de/entity/Q389819,399,Point(46.4948 31.3777)
Q389858,Q7525818,Tall al-Daiyr,Sippar-Amnanum (mod. Tell ed-Der),https://database.factgrid.de/entity/Q389858,2,Point(44.2991 33.0991)
Q390078,Q756957,Hasankeyf,,https://database.factgrid.de/entity/Q390078,,Point(41.4137 37.7137)
Q390124,Q766324,Van,,https://database.factgrid.de/entity/Q390124,,Point(43.3397 38.5011)
Q390124,Q766324,Van,,https://database.factgrid.de/entity/Q390124,,Point(43.3397 38.5011)
Q390124,Q766324,Van,,https://database.factgrid.de/entity/Q390124,,Point(43.3397 38.5011)
Q390124,Q766324,Van,,https://database.factgrid.de/entity/Q390124,,Point(43.3397 38.5011)
Q389900,Q7675924,Tall Ḥamīdī,,https://database.factgrid.de/entity/Q389900,,Point(41.166 36.816)
Q389649,Q7687070,Tas-Silġ,"uncertain (mod. Tas-Silg, Malta)",https://database.factgrid.de/entity/Q389649,259,Point(14.5519 35.8459)
Q389794,Q7881676,Umm al-Marra,,https://database.factgrid.de/entity/Q389794,,Point(37.6936 36.134)
Q390161,Q79115191,Irisagrig,,https://database.factgrid.de/entity/Q390161,48,Point(45.3689 32.1529)
Q390060,Q8195601,Harput,,https://database.factgrid.de/entity/Q390060,,Point(39.2573 38.7037)
Q389991,Q82070,Ṣūr,,https://database.factgrid.de/entity/Q389991,,Point(35.1943 33.2706)
Q83154,Q83531,Bitlis,,https://database.factgrid.de/entity/Q83154,,Point(42.1071 38.4013)
Q389666,Q841207,Heraion of Samos,,https://database.factgrid.de/entity/Q389666,,Point(26.886 37.6721)
Q390024,Q846844,Naiyrab,Nereb (mod. Neirab) ?,https://database.factgrid.de/entity/Q390024,296,Point(37.2265 36.1777)
Q389832,Q853946,Girsu,Girsu (mod. Tello),https://database.factgrid.de/entity/Q389832,88,Point(46.1776 31.5591)
Q389916,Q907974,Tall Ṭa‘iynāt,uncertain (mod. Tell Ta'ynat) : Unqi (mod. Tell Tayinat),https://database.factgrid.de/entity/Q389916,90,Point(36.3759 36.2482)
Q389796,Q910253,Kisurra,Kisurra (mod. Abu Hatab),https://database.factgrid.de/entity/Q389796,314,Point(45.481 31.8383)
Q389873,Q911895,Tall al-Laḥam,uncertain (mod. Tel Laham),https://database.factgrid.de/entity/Q389873,191,Point(45.4062 32.0509)
Q389873,Q911895,Tall al-Laḥam,uncertain (mod. Tel Laham),https://database.factgrid.de/entity/Q389873,191,Point(45.4062 32.0509)
Q389873,Q911895,Tall al-Laḥam,uncertain (mod. Tell al-Lahm) : uncertain (mod. Tell Lahm),https://database.factgrid.de/entity/Q389873,191,Point(45.4062 32.0509)
Q389873,Q911895,Tall al-Laḥam,uncertain (mod. Tell al-Lahm) : uncertain (mod. Tell Lahm),https://database.factgrid.de/entity/Q389873,191,Point(45.4062 32.0509)
Q389873,Q911895,Tall al-Laḥam,uncertain (mod. Tel Laham),https://database.factgrid.de/entity/Q389873,191,Point(45.4062 32.0509)
Q389873,Q911895,Tall al-Laḥam,uncertain (mod. Tel Laham),https://database.factgrid.de/entity/Q389873,191,Point(45.4062 32.0509)
Q389873,Q911895,Tall al-Laḥam,uncertain (mod. Tell al-Lahm) : uncertain (mod. Tell Lahm),https://database.factgrid.de/entity/Q389873,191,Point(45.4062 32.0509)
Q389873,Q911895,Tall al-Laḥam,uncertain (mod. Tell al-Lahm) : uncertain (mod. Tell Lahm),https://database.factgrid.de/entity/Q389873,191,Point(45.4062 32.0509)
Q389873,Q911895,Tall al-Laḥam,uncertain (mod. Tel Laham),https://database.factgrid.de/entity/Q389873,33,Point(45.4062 32.0509)
Q389873,Q911895,Tall al-Laḥam,uncertain (mod. Tel Laham),https://database.factgrid.de/entity/Q389873,33,Point(45.4062 32.0509)
Q389873,Q911895,Tall al-Laḥam,uncertain (mod. Tell al-Lahm) : uncertain (mod. Tell Lahm),https://database.factgrid.de/entity/Q389873,33,Point(45.4062 32.0509)
Q389873,Q911895,Tall al-Laḥam,uncertain (mod. Tell al-Lahm) : uncertain (mod. Tell Lahm),https://database.factgrid.de/entity/Q389873,33,Point(45.4062 32.0509)
Q389873,Q911895,Tall al-Laḥam,uncertain (mod. Tel Laham),https://database.factgrid.de/entity/Q389873,33,Point(45.4062 32.0509)
Q389873,Q911895,Tall al-Laḥam,uncertain (mod. Tel Laham),https://database.factgrid.de/entity/Q389873,33,Point(45.4062 32.0509)
Q389873,Q911895,Tall al-Laḥam,uncertain (mod. Tell al-Lahm) : uncertain (mod. Tell Lahm),https://database.factgrid.de/entity/Q389873,33,Point(45.4062 32.0509)
Q389873,Q911895,Tall al-Laḥam,uncertain (mod. Tell al-Lahm) : uncertain (mod. Tell Lahm),https://database.factgrid.de/entity/Q389873,33,Point(45.4062 32.0509)
Q390102,Q9148422,Aznavurtepe,,https://database.factgrid.de/entity/Q390102,,Point(42.8337 39.2502)
Q90458,Q935454,Qift,,https://database.factgrid.de/entity/Q90458,,Point(32.8158 25.9966)
Q90458,Q935454,Qift,,https://database.factgrid.de/entity/Q90458,,Point(32.816666666 26.0)
Q389619,Q937930,Pi-Ramesses,,https://database.factgrid.de/entity/Q389619,,Point(31.8345 30.8017)
Q389617,Q951439,Faqous,"uncertain (mod. Faqous, Egypt)",https://database.factgrid.de/entity/Q389617,,Point(31.7964 30.7276)
Q389842,Q96398487,Tall Abū Shījah,Pašime (mod. Tell Abu Sheeja),https://database.factgrid.de/entity/Q389842,396,Point(47.1479 32.3944)
Q389886,Q978443,Tell Brak,Nagar (mod. Tell Brak),https://database.factgrid.de/entity/Q389886,217,Point(41.0584 36.667)
Q389892,,Tall Jidar,uncertain (mod. Tell Jidr),https://database.factgrid.de/entity/Q389892,318,Point(45.7032 31.8254)
Q389893,,Tall Jūkha,,https://database.factgrid.de/entity/Q389893,,Point(43.6918 33.3424)
Q389899,,Tall Ḥammām al-Turkmān,uncertain (mod. Tell Hammam et-Turkman),https://database.factgrid.de/entity/Q389899,36,Point(39.0569 36.4825)
Q389897,,Tall Ḥalāwah,uncertain (mod. Abu Halawa),https://database.factgrid.de/entity/Q389897,235,Point(44.4874 33.4258)
Q389697,,Tapah Yahiya,uncertain (mod. Tepe Yahya),https://database.factgrid.de/entity/Q389697,67,Point(56.8675 28.3309)
Q390138,,Aliler,,https://database.factgrid.de/entity/Q390138,,Point(43.4868 38.8548)
Q390159,,Tall Sabā,uncertain (mod. Tell Sabaa),https://database.factgrid.de/entity/Q390159,126,Point(44.7514 33.4638)
Q390140,,Değirmenköy,,https://database.factgrid.de/entity/Q390140,,Point(43.5152 38.5131)
Q390170,,Acemhöyük,,https://database.factgrid.de/entity/Q390170,,Point(33.8347 38.4117)
Q390165,,Ozbaki,uncertain (mod. Ozbaki),https://database.factgrid.de/entity/Q390165,64,Point(50.5866 35.9799)
Q390120,,Hazine Piri Kapısı,,https://database.factgrid.de/entity/Q390120,,Point(43.3045 38.4069)
Q390153,,Başkale,,https://database.factgrid.de/entity/Q390153,,Point(44.0171 38.0448)
Q390135,,Aşağı Anzaf,,https://database.factgrid.de/entity/Q390135,,Point(43.4643 38.5678)
Q390166,,Novy Kumak,,https://database.factgrid.de/entity/Q390166,,Point(58.6555 51.2297)
Q390158,,Başbulak,,https://database.factgrid.de/entity/Q390158,,Point(44.2549 39.9374)
Q390156,,Metsamor,,https://database.factgrid.de/entity/Q390156,,Point(44.1869 40.1264)
Q390147,,Kaisaran,,https://database.factgrid.de/entity/Q390147,,Point(43.6446 38.466)
Q390162,,Ojasar-Ilandağ,,https://database.factgrid.de/entity/Q390162,,Point(45.6251 39.137)
Q390150,,Köşk,,https://database.factgrid.de/entity/Q390150,,Point(43.7223 38.9322)
Q390131,,Sihke,,https://database.factgrid.de/entity/Q390131,,Point(43.4354 38.5072)
Q390111,,Metsopay-Vank,,https://database.factgrid.de/entity/Q390111,,Point(43.0397 39.1679)
Q390146,,Keçikıran,,https://database.factgrid.de/entity/Q390146,,Point(43.6345 38.9714)
Q390132,,Kevenli,,https://database.factgrid.de/entity/Q390132,,Point(43.4475 38.4746)
Q390151,,Körzüt,,https://database.factgrid.de/entity/Q390151,,Point(43.735 38.8877)
Q390117,,Edremit,,https://database.factgrid.de/entity/Q390117,,Point(43.2411 38.4182)
Q390119,,Taşköprü,,https://database.factgrid.de/entity/Q390119,,Point(43.2489 40.9553)
Q390116,,Kadembas,,https://database.factgrid.de/entity/Q390116,,Point(43.2312 38.4084)
Q390127,,Karataş,,https://database.factgrid.de/entity/Q390127,,Point(43.3963 39.0109)
Q390129,,Kasımoğlu,,https://database.factgrid.de/entity/Q390129,,Point(43.415 38.6846)
Q390133,,Bakraçlı,,https://database.factgrid.de/entity/Q390133,,Point(43.4612 38.4491)
Q390118,,Ererin,,https://database.factgrid.de/entity/Q390118,,Point(43.2462 38.7579)
Q390123,,Kalecik,,https://database.factgrid.de/entity/Q390123,,Point(43.3377 38.5459)
Q390112,,Ortadamla,,https://database.factgrid.de/entity/Q390112,,Point(43.0496 39.2058)
Q390139,,Sarmaç,,https://database.factgrid.de/entity/Q390139,,Point(43.496 38.4984)
Q390155,,Kazancı,,https://database.factgrid.de/entity/Q390155,,Point(44.0255 40.0064)
Q390141,,Topraklı,,https://database.factgrid.de/entity/Q390141,,Point(43.5283 39.0462)
Q390163,,Umm al-Wawiya,uncertain (mod. Umm al-Wawīya),https://database.factgrid.de/entity/Q390163,215,Point(45.7626 31.2613)
Q390115,,Güganis,,https://database.factgrid.de/entity/Q390115,,Point(43.22 38.3347)
Q390136,,Dereüstü,,https://database.factgrid.de/entity/Q390136,,Point(43.47 38.5563)
Q390164,,Xocali,,https://database.factgrid.de/entity/Q390164,,Point(46.8015 39.906)
Q390122,,Çelebibağı,,https://database.factgrid.de/entity/Q390122,,Point(43.3127 38.9839)
Q390109,,Kamışvan,,https://database.factgrid.de/entity/Q390109,,Point(42.9701 39.2345)
Q390143,,Beşçatak,,https://database.factgrid.de/entity/Q390143,,Point(43.5635 38.5159)
Q390126,,Meher Kapısı,,https://database.factgrid.de/entity/Q390126,,Point(43.3875 38.5182)
Q390154,,Yeşilağaç,,https://database.factgrid.de/entity/Q390154,,Point(44.0205 38.4386)
Q390130,,Salmanağa,,https://database.factgrid.de/entity/Q390130,,Point(43.4345 39.0482)
Q390137,,Yukarı Anzaf,,https://database.factgrid.de/entity/Q390137,,Point(43.4703 38.5597)
Q390149,,Karahan,,https://database.factgrid.de/entity/Q390149,,Point(43.6607 38.9493)
Q390157,,Taşburun,,https://database.factgrid.de/entity/Q390157,,Point(44.246 39.9799)
Q390145,,Gövelek,,https://database.factgrid.de/entity/Q390145,,Point(43.622 38.5323)
Q390148,,Karagündüz,,https://database.factgrid.de/entity/Q390148,,Point(43.6459 38.6955)
Q390160,,Qalatgah,,https://database.factgrid.de/entity/Q390160,,Point(45.2208 37.0353)
Q389706,,Chughā Sabz,,https://database.factgrid.de/entity/Q389706,,Point(47.3953 33.3179)
Q389772,,Tall al-‘Agāmiyya,,https://database.factgrid.de/entity/Q389772,,Point(43.4304 35.2249)
Q389762,,Noragavid,,https://database.factgrid.de/entity/Q389762,,Point(44.4743 40.1198)
Q389759,,Haykavan,,https://database.factgrid.de/entity/Q389759,,Point(44.0462 40.091)
Q389734,,Konār Sandal,uncertain (mod. Konar Sandal),https://database.factgrid.de/entity/Q389734,416,Point(57.7787 28.4494)
Q389775,,Tall al-Dhiba‘i,uncertain (mod. Tell al-Diba'i) : uncertain (mod. Tell Dhiba'i),https://database.factgrid.de/entity/Q389775,148,Point(44.4823 33.3229)
Q389757,,Tsovak,,https://database.factgrid.de/entity/Q389757,,Point(45.6391 40.1823)
Q389746,,Karakala,,https://database.factgrid.de/entity/Q389746,,Point(43.8488 40.0487)
Q389779,,Qalat-i Dinka,,https://database.factgrid.de/entity/Q389779,,Point(45.1328 36.1367)
Q389761,,Nalbandyan,,https://database.factgrid.de/entity/Q389761,,Point(43.9873 40.0628)
Q389713,,Dah-e-No,"uncertain (mod. Deh-e No, Iran)",https://database.factgrid.de/entity/Q389713,206,Point(48.5684 32.0686)
Q389712,,Chaman-e-Hozori,,https://database.factgrid.de/entity/Q389712,,Point(69.1954 34.5153)
Q389774,,Kawala Kandal,,https://database.factgrid.de/entity/Q389774,,Point(43.6532 35.8079)
Q389766,,Vardatsor,,https://database.factgrid.de/entity/Q389766,,Point(45.193 40.1888)
Q389792,,Umm al-Ḥafriyāt,uncertain (mod. Umm el-Hafriyat),https://database.factgrid.de/entity/Q389792,268,Point(45.4813 32.1323)
Q389776,,Mukhattat,,https://database.factgrid.de/entity/Q389776,,Point(44.4962 32.337)
Q389729,,Qa`la Bast,,https://database.factgrid.de/entity/Q389729,,Point(64.3566 31.5081)
Q389699,,Tall Afghanī,,https://database.factgrid.de/entity/Q389699,,Point(51.1321 31.4883)
Q389710,,Chugha Mish,uncertain (mod. Chogha Mish),https://database.factgrid.de/entity/Q389710,137,Point(48.5555 32.224)
Q389719,,Siyah Chas̱mah,,https://database.factgrid.de/entity/Q389719,,Point(44.3867 39.0659)
Q389728,,Qal‘ah Imam,,https://database.factgrid.de/entity/Q389728,,Point(46.1798 35.488)
Q389778,,Dugirdkhan,,https://database.factgrid.de/entity/Q389778,,Point(44.8475 36.1549)
Q389753,,Zvartʻnotsʻ,,https://database.factgrid.de/entity/Q389753,,Point(44.3366 40.1596)
Q389726,,‘Ayn-i Rūm,,https://database.factgrid.de/entity/Q389726,,Point(45.132 37.1837)
Q389769,,Tall al-Raqa‘i,,https://database.factgrid.de/entity/Q389769,,Point(40.8521 36.44)
Q389781,,Tall al-Disim,,https://database.factgrid.de/entity/Q389781,,Point(45.3929 32.1415)
Q389742,,Maḥmūd Ābād,,https://database.factgrid.de/entity/Q389742,,Point(45.1294 37.3669)
Q389705,,Jawānqal‘h,,https://database.factgrid.de/entity/Q389705,,Point(45.9564 37.4913)
Q389739,,Lamā,,https://database.factgrid.de/entity/Q389739,,Point(51.2172 31.0449)
Q389777,,Girumu,Kish (mod. Tell Barguthiat),https://database.factgrid.de/entity/Q389777,361,Point(44.7947 32.7029)
Q389755,,Tʻanahat,,https://database.factgrid.de/entity/Q389755,,Point(45.925 39.4156)
Q389744,,Najafābād,Kišesim (mod. Najafabad),https://database.factgrid.de/entity/Q389744,392,Point(47.9761 34.6527)
Q389714,,Rāzlīq,,https://database.factgrid.de/entity/Q389714,,Point(47.5496 38.0066)
Q389784,,Suhairy,,https://database.factgrid.de/entity/Q389784,,Point(45.5881 31.4729)
Q389768,,Tall Suwaiyhat,uncertain (mod. Tell Sweyhat),https://database.factgrid.de/entity/Q389768,156,Point(38.2538 36.2734)
Q389793,,Umm al-Ḥafryāt,,https://database.factgrid.de/entity/Q389793,,Point(45.4915 31.6426)
Q389798,,Ishān Dhahak,uncertain (mod. Ishan-Dhahak),https://database.factgrid.de/entity/Q389798,138,Point(44.8341 32.7104)
Q389760,,Marmachyn,,https://database.factgrid.de/entity/Q389760,,Point(43.7525 40.8514)
Q389773,,Tell Al-Farha,uncertain (mod. Tall al-Farḥa),https://database.factgrid.de/entity/Q389773,428,Point(43.4612 35.2652)
Q389786,,Tell Ba'arura Shargi,,https://database.factgrid.de/entity/Q389786,,Point(46.1685 30.9786)
Q389749,,Aruch,,https://database.factgrid.de/entity/Q389749,,Point(44.0784 40.2865)
Q389707,,Chugha Pahn,,https://database.factgrid.de/entity/Q389707,,Point(48.4862 32.1851)
Q389707,,Chugha Pahn,,https://database.factgrid.de/entity/Q389707,,Point(48.4862 32.1851)
Q389707,,Chugha Pahn,,https://database.factgrid.de/entity/Q389707,,Point(48.4862 32.1851)
Q389707,,Chugha Pahn,,https://database.factgrid.de/entity/Q389707,,Point(48.4862 32.1851)
Q389730,,Qandahār,,https://database.factgrid.de/entity/Q389730,,Point(65.6588 31.6025)
Q389737,,Ganjnāmah,uncertain (mod. Mount Elvend),https://database.factgrid.de/entity/Q389737,420,Point(48.4373 34.7622)
Q389700,,Tall Gasir,uncertain (mod. Ghazir),https://database.factgrid.de/entity/Q389700,284,Point(49.4149 31.3597)
Q389738,,Godin Tepe,uncertain (mod. Godin Tepe),https://database.factgrid.de/entity/Q389738,97,Point(48.0685 34.5183)
Q389791,,Umm al-Jīr,uncertain (mod. Mugdan) : uncertain (mod. Umm al-Jir),https://database.factgrid.de/entity/Q389791,3,Point(44.8501 32.6497)
Q389724,,S̱īs̱ah,,https://database.factgrid.de/entity/Q389724,,Point(47.3662 38.6075)
Q389716,,Sar-i Pol-i Zohāb,uncertain (mod. Sar-i-pul-i-Zohāb),https://database.factgrid.de/entity/Q389716,116,Point(45.8692 34.4633)
Q389763,,Janfida,,https://database.factgrid.de/entity/Q389763,,Point(44.0276 40.0419)
Q389735,,Kuhanak,,https://database.factgrid.de/entity/Q389735,,Point(48.6185 32.2683)
Q389736,,Kūlfaraḥ,,https://database.factgrid.de/entity/Q389736,,Point(49.9286 31.8706)
Q389782,,Unknown,Irisagrig (mod. uncertain),https://database.factgrid.de/entity/Q389782,,Point(45.3936 32.149)
Q389782,,Unknown,,https://database.factgrid.de/entity/Q389782,,Point(45.3936 32.149)
Q389765,,Spandaryan,,https://database.factgrid.de/entity/Q389765,,Point(44.0205 40.6679)
Q389743,,Mawānā,,https://database.factgrid.de/entity/Q389743,,Point(44.7952 37.5734)
Q389740,,Mārlīk,,https://database.factgrid.de/entity/Q389740,,Point(49.5019 36.8528)
Q389764,,Sardarapat,,https://database.factgrid.de/entity/Q389764,,Point(44.0187 40.136)
Q389771,,Tall Hanas,,https://database.factgrid.de/entity/Q389771,,Point(43.2896 35.4368)
Q389741,,Māhān,,https://database.factgrid.de/entity/Q389741,,Point(57.29 30.0598)
Q389717,,Surkh Dum Lurī,Surkh Dum (mod. Luristan),https://database.factgrid.de/entity/Q389717,400,Point(47.7079 33.5064)
Q389733,,Kalmākarrah,uncertain (mod. Cave Kalm-karra),https://database.factgrid.de/entity/Q389733,65,Point(47.601 33.1998)
Q389770,,Glay‘a,uncertain (mod. Glai'a),https://database.factgrid.de/entity/Q389770,173,Point(42.1921 34.2909)
Q389783,,Tulūl al-Hummar,,https://database.factgrid.de/entity/Q389783,,Point(45.4998 31.6166)
Q389780,,Ṭulūl al-Ḥumr,,https://database.factgrid.de/entity/Q389780,,Point(45.2872 31.8567)
Q389788,,Abū Dhuba‘,,https://database.factgrid.de/entity/Q389788,,Point(45.6225 31.6772)
Q389727,,Qaṣr-i Abūnaṣr,Qasr-i Abu Nasr (mod. uncertain),https://database.factgrid.de/entity/Q389727,11,Point(52.6252 29.5848)
Q389797,,Ishān Hāfudh,uncertain (mod. Išān Hāfudh),https://database.factgrid.de/entity/Q389797,301,Point(45.4207 31.9569)
Q389750,,Bambakajat,,https://database.factgrid.de/entity/Q389750,,Point(44.0183 40.1029)
Q389754,,Elar,,https://database.factgrid.de/entity/Q389754,,Point(44.6168 40.2681)
Q389715,,Ẕiwyah,,https://database.factgrid.de/entity/Q389715,,Point(46.6879 36.2739)
Q389756,,Lchajen,,https://database.factgrid.de/entity/Q389756,,Point(44.9418 40.5074)
Q389702,,Tall-i Spīd,,https://database.factgrid.de/entity/Q389702,,Point(51.4845 30.2519)
Q389720,,Shiqāft-i Gulgul,,https://database.factgrid.de/entity/Q389720,,Point(46.4843 33.4675)
Q389704,,Tūl-i Gīlān,,https://database.factgrid.de/entity/Q389704,,Point(48.6069 37.7352)
Q389718,,Saqandal,,https://database.factgrid.de/entity/Q389718,,Point(46.7375 38.5041)
Q389785,,Dibbin,,https://database.factgrid.de/entity/Q389785,,Point(45.6611 31.8977)
Q389725,,Ṭashtepe,,https://database.factgrid.de/entity/Q389725,,Point(45.5666 37.0499)
Q389721,,Shahdād,uncertain (mod. Shadad),https://database.factgrid.de/entity/Q389721,280,Point(57.7405 30.4279)
Q389751,,Garni,,https://database.factgrid.de/entity/Q389751,,Point(44.7299 40.1124)
Q389731,,Kāmfīrūz,uncertain (mod. Kam-Firouz),https://database.factgrid.de/entity/Q389731,414,Point(52.1962 30.3241)
Q389711,,Chughā Gāwānah,,https://database.factgrid.de/entity/Q389711,,Point(46.5286 34.1101)
Q389732,,Kermānshāh,uncertain (mod. Kermanshah) ?,https://database.factgrid.de/entity/Q389732,247,Point(47.0649 34.314)
Q389872,,Tall al-Qiṭar,,https://database.factgrid.de/entity/Q389872,,Point(38.1803 36.3837)
Q389620,,Kabrit,uncertain (mod. Kabret),https://database.factgrid.de/entity/Q389620,413,Point(32.4914 30.2285)
Q389636,,Mikhmoret,,https://database.factgrid.de/entity/Q389636,,Point(34.8659 32.4013)
Q389680,,Gird-i Rustam,,https://database.factgrid.de/entity/Q389680,,Point(45.9157 35.7528)
Q389645,,Tell el-Hesi,uncertain (mod. Tell el-Hesi),https://database.factgrid.de/entity/Q389645,437,Point(34.7307 31.5474)
Q389986,,Silūqīah,uncertain (mod. Seleucia) : Seleucia (mod. Tell 'Umar),https://database.factgrid.de/entity/Q389986,120,Point(44.5213 33.0962)
Q389919,,Tall ‘Atij,,https://database.factgrid.de/entity/Q389919,,Point(40.8644 36.4303)
Q389999,,‘Ammān,,https://database.factgrid.de/entity/Q389999,,Point(36.0202 31.7219)
Q389953,,Jabal ‘Ārūdah,uncertain (mod. Jebel Aruda),https://database.factgrid.de/entity/Q389953,42,Point(38.0984 36.2349)
Q389955,,Byblos,Gubla (mod. Byblos),https://database.factgrid.de/entity/Q389955,47,Point(35.646 34.1191)
Q389950,,Tulūl al-Lak,uncertain (mod. Tulul al-Lak),https://database.factgrid.de/entity/Q389950,107,Point(43.2638 36.2983)
Q389906,,Tall Saka,,https://database.factgrid.de/entity/Q389906,,Point(36.4682 33.4402)
Q389904,,Tall Zubīdī,uncertain (mod. Tell Subeidi),https://database.factgrid.de/entity/Q389904,433,Point(45.0312 34.1982)
Q389959,,Jamjamāl,,https://database.factgrid.de/entity/Q389959,,Point(44.835 35.5367)
Q390000,,‘Anah,uncertain (mod. 'Ana),https://database.factgrid.de/entity/Q390000,194,Point(41.9794 34.4677)
Q389979,,Zālūl Āb,uncertain (mod. Zalil Ab),https://database.factgrid.de/entity/Q389979,58,Point(46.5799 34.6309)
Q389971,,Diqdiqqah,uncertain (mod. Diqdiqqah),https://database.factgrid.de/entity/Q389971,153,Point(46.1186 30.9745)
Q389997,,Ṭawīlān,,https://database.factgrid.de/entity/Q389997,,Point(35.4848 30.3313)
Q389920,,Tall ‘Ajājah,Šaddikanni (mod. Tell Ajaja),https://database.factgrid.de/entity/Q389920,118,Point(40.7205 36.2082)
Q389945,,Tall Yārah,uncertain (mod. Tell Yarah),https://database.factgrid.de/entity/Q389945,219,Point(43.2532 36.4466)
Q389958,,Jarāwanah,uncertain (mod. Jerwan),https://database.factgrid.de/entity/Q389958,142,Point(43.3934 36.6697)
Q389977,,Rabat Tapah,uncertain (mod. Rabat Tepe),https://database.factgrid.de/entity/Q389977,297,Point(45.5397 36.201)
Q389956,,Jadīdah,uncertain (mod. Jedide),https://database.factgrid.de/entity/Q389956,93,Point(42.0326 34.3826)
Q389930,,Tall Qabr Abu al-’Atīq,,https://database.factgrid.de/entity/Q389930,,Point(39.7854 35.763)
Q389989,,Shīr al-Ṣanām,uncertain (mod. Shir as-Sanam),https://database.factgrid.de/entity/Q389989,425,Point(36.2443 34.498)
Q389947,,Tulūl Abū Jāwan,uncertain (mod. Abu Jawan),https://database.factgrid.de/entity/Q389947,121,Point(44.807 33.1337)
Q389917,,Tall ʻĀmūdā,uncertain (mod. Amuda) ?,https://database.factgrid.de/entity/Q389917,179,Point(40.9293 37.0972)
Q389995,,Ṭūbzāwah,,https://database.factgrid.de/entity/Q389995,,Point(44.6979 36.8079)
Q389937,,Tall Muḥamad ‘Arab,,https://database.factgrid.de/entity/Q389937,,Point(42.8893 36.6346)
Q389962,,Ḥabl al-Ṣakhar,,https://database.factgrid.de/entity/Q389962,,Point(44.2698 33.1216)
Q389939,,Tall Marwāny,,https://database.factgrid.de/entity/Q389939,,Point(40.6627 34.8669)
Q389964,,Ḥammām,,https://database.factgrid.de/entity/Q389964,,Point(38.1781 36.6413)
Q389961,,Jīroft,,https://database.factgrid.de/entity/Q389961,169,Point(57.7792 28.4634)
Q389902,,Tall Khaibar,,https://database.factgrid.de/entity/Q389902,,Point(45.9328 31.0593)
Q389949,,Tulūl al-Baqarāt,uncertain (mod. Tell al-Diba'i),https://database.factgrid.de/entity/Q389949,148,Point(45.7239 32.3361)
Q389914,,Marad,Marad (mod. Wanna-wa-Sadum),https://database.factgrid.de/entity/Q389914,223,Point(44.7851 32.0917)
Q390002,,Qarah Jatān,,https://database.factgrid.de/entity/Q390002,,Point(45.1914 35.7417)
Q389915,,Tall Ṭābān,uncertain (mod. Tell Taban),https://database.factgrid.de/entity/Q389915,34,Point(40.7878 36.3362)
Q389985,,Sa‘ad wa Sa‘ayd,uncertain (mod. Failaka),https://database.factgrid.de/entity/Q389985,410,Point(48.2779 29.4303)
Q389907,,Tall Soukās,,https://database.factgrid.de/entity/Q389907,434,Point(35.9229 35.306)
Q389996,,Ṭūz Khūrmātū,uncertain (mod. Tuz Hurmati),https://database.factgrid.de/entity/Q389996,89,Point(44.6252 34.884)
Q389929,,Tall Faqūs,,https://database.factgrid.de/entity/Q389929,,Point(38.2052 35.9372)
Q389984,,Sabā‘a,uncertain (mod. Saba'a),https://database.factgrid.de/entity/Q389984,308,Point(41.081 34.7579)
Q389936,,Tell Muhamad Diyab,,https://database.factgrid.de/entity/Q389936,,Point(41.5642 36.9243)
Q389942,,Tall Mūzān,Urkesh (mod. Tell Mozan),https://database.factgrid.de/entity/Q389942,254,Point(40.9975 37.0572)
Q389976,,Rās al-Maṭbakh,,https://database.factgrid.de/entity/Q389976,,Point(51.569 25.6912)
Q389987,,Sulaiymah,uncertain (mod. Himrin) : uncertain (mod. Sulaima) : uncertain (mod. Tell Suleimah),https://database.factgrid.de/entity/Q389987,174,Point(45.1034 34.1677)
Q389935,,Tall Muḥamad,uncertain (mod. Tell Muhammad),https://database.factgrid.de/entity/Q389935,7,Point(44.4681 33.3009)
Q389933,,Tall Karay Qāsim,,https://database.factgrid.de/entity/Q389933,,Point(42.9257 36.6789)
Q389918,,Tall ‘Abṭah,uncertain (mod. Tell Abta),https://database.factgrid.de/entity/Q389918,257,Point(42.5619 35.9432)
Q389972,,Dahuk,uncertain (mod. Dohuk) ?,https://database.factgrid.de/entity/Q389972,164,Point(42.9205 36.8623)
Q389965,,Khārk,,https://database.factgrid.de/entity/Q389965,,Point(50.3091 29.2493)
Q389982,,Sārabtā,,https://database.factgrid.de/entity/Q389982,,Point(35.295 33.4643)
Q389978,,Rasm al-Ṭanjara,uncertain (mod. el-Ghab),https://database.factgrid.de/entity/Q389978,60,Point(36.3562 35.5872)
Q389960,,Jamdat Naṣr,uncertain (mod. Jemdet Nasr),https://database.factgrid.de/entity/Q389960,159,Point(44.7796 32.7181)
Q389909,,Tall Sītak,,https://database.factgrid.de/entity/Q389909,,Point(45.5027 35.6419)
Q389951,,Tulūl Khaṭāb,,https://database.factgrid.de/entity/Q389951,,Point(44.5136 33.4767)
Q389913,,Tall Ṣabī Ābiyaḍ,,https://database.factgrid.de/entity/Q389913,,Point(39.0915 36.5057)
Q389946,,Yelkhi,uncertain (mod. Tell Yelkhi),https://database.factgrid.de/entity/Q389946,436,Point(45.0013 34.2856)
Q389980,,Zawiyah,uncertain (mod. Zawiyya),https://database.factgrid.de/entity/Q389980,271,Point(42.1725 34.2925)
Q389943,,Tall Mīthlay,,https://database.factgrid.de/entity/Q389943,,Point(42.1377 36.7586)
Q389928,,Tall Fisnah,,https://database.factgrid.de/entity/Q389928,,Point(42.8899 36.7079)
Q389988,,Shamīt,Kian (Tell Shmid),https://database.factgrid.de/entity/Q389988,360,Point(45.8326 31.7477)
Q389966,,Khān Ḥaswā,uncertain (mod. Khan Haswa) ?,https://database.factgrid.de/entity/Q389966,19,Point(44.4016 32.8277)
Q389990,,Shīshīn,uncertain (mod. Šišin),https://database.factgrid.de/entity/Q389990,444,Point(42.574 33.9716)
Q389908,,Tall Siānū,,https://database.factgrid.de/entity/Q389908,,Point(36.0028 35.3653)
Q389970,,Dibba,,https://database.factgrid.de/entity/Q389970,,Point(56.2639 25.6317)
Q389926,,Tall Ghaḍaiyrīfah,uncertain (mod. Tell Ghdairife),https://database.factgrid.de/entity/Q389926,295,Point(44.2649 34.1818)
Q390006,,Qal‘at ‘Awaynah,,https://database.factgrid.de/entity/Q390006,,Point(43.7195 36.0754)
Q389864,,Burmarina,Burmarina (mod. Tell Shiukh Fawqani),https://database.factgrid.de/entity/Q389864,365,Point(38.0359 36.7875)
Q389802,,Ishān al-Sama‘a,uncertain (mod. Tell Sukas),https://database.factgrid.de/entity/Q389802,,Point(45.4193 32.0725)
Q389803,,Tell Abu Mariya,uncertain (mod. Abu-Maria) : Apqu-ša-Adad (mod. Tell Abu Marya) : uncertain (mod. Abu-Maria),https://database.factgrid.de/entity/Q389803,158,Point(42.5973 36.4295)
Q389803,,Tell Abu Mariya,uncertain (mod. Abu-Maria) : Apqu-ša-Adad (mod. Tell Abu Marya) : uncertain (mod. Abu-Maria),https://database.factgrid.de/entity/Q389803,185,Point(42.5973 36.4295)
Q389839,,Tikrīt,uncertain (mod. Tikrit),https://database.factgrid.de/entity/Q389839,183,Point(43.6753 34.5974)
Q389865,,Tall al-Ṭāya,,https://database.factgrid.de/entity/Q389865,,Point(42.4933 36.3324)
Q389855,,Tall al-Ḥadīdī,uncertain (mod. Hadidi),https://database.factgrid.de/entity/Q389855,248,Point(38.1507 36.2645)
Q389887,,Tall Baradān,uncertain (mod. Tell Baradan),https://database.factgrid.de/entity/Q389887,431,Point(45.0512 34.191)
Q389805,,Al-Bilad al-Qadim,,https://database.factgrid.de/entity/Q389805,,Point(50.5371 26.2184)
Q389813,,Al-Sayāl,,https://database.factgrid.de/entity/Q389813,,Point(40.9096 34.597)
Q389812,,Al-Sila‘,uncertain (mod. Sela),https://database.factgrid.de/entity/Q389812,424,Point(35.5779 30.7823)
Q389799,,Ishān Miziyad,uncertain (mod. Mazyad),https://database.factgrid.de/entity/Q389799,262,Point(44.5561 32.5932)
Q389814,,Al-Ẓahrān,uncertain (mod. Dharan),https://database.factgrid.de/entity/Q389814,106,Point(50.1502 26.2664)
Q389849,,Tall Ibrāhīm Bayis,uncertain (mod. Old Makhmur),https://database.factgrid.de/entity/Q389849,264,Point(43.5551 35.7742)
Q389823,,Bāfīān,uncertain (mod. Bavian),https://database.factgrid.de/entity/Q389823,240,Point(43.42 36.7615)
Q389834,,Tapah Barmī,uncertain (mod. Tappeh Bormi),https://database.factgrid.de/entity/Q389834,77,Point(49.589 31.2413)
Q389866,,Tall al-ʻUbaīd,uncertain (mod. Tell Ubaid),https://database.factgrid.de/entity/Q389866,226,Point(46.0305 30.9722)
Q389851,,Tul-i Ājuri,,https://database.factgrid.de/entity/Q389851,,Point(52.8549 29.9364)
Q389881,,Tall al-Hawa,uncertain (mod. Tell al-Hawa),https://database.factgrid.de/entity/Q389881,293,Point(42.3012 36.7482)
Q389847,,Tall Imlīḥiyah,,https://database.factgrid.de/entity/Q389847,,Point(45.0031 34.1961)
Q389815,,Umm Jātil,uncertain (mod. Umm Chatil),https://database.factgrid.de/entity/Q389815,278,Point(46.5784 31.3901)
Q389879,,Tall al-Hādī,,https://database.factgrid.de/entity/Q389879,,Point(41.865 36.8707)
Q389824,,Bitwātā,uncertain (mod. Bardi Sanjian Bitwata),https://database.factgrid.de/entity/Q389824,108,Point(44.7031 36.3398)
Q389830,,Baysan,uncertain (mod. Beisan),https://database.factgrid.de/entity/Q389830,231,Point(43.1037 36.4222)
Q389817,,Al-Maqsha,,https://database.factgrid.de/entity/Q389817,,Point(50.5112 26.2198)
Q389807,,Al-Ḥajar,,https://database.factgrid.de/entity/Q389807,,Point(50.5137 26.2151)
Q389811,,Al-Rajībah,,https://database.factgrid.de/entity/Q389811,,Point(45.969 30.9047)
Q389844,,Tall Abū ‘Antīk,,https://database.factgrid.de/entity/Q389844,298,Point(44.6393 32.1311)
Q389810,,Al-Dawālī,uncertain (mod. Dawali),https://database.factgrid.de/entity/Q389810,277,Point(41.9912 34.4535)
Q389838,,Tarjān,,https://database.factgrid.de/entity/Q389838,,Point(43.7581 36.1224)
Q389861,,Tall al-Sīb,uncertain (mod. As-Sib) : uncertain (mod. Tell es-Seeb),https://database.factgrid.de/entity/Q389861,196,Point(45.058 34.1929)
Q389861,,Tall al-Sīb,uncertain (mod. As-Sib) : uncertain (mod. Tell es-Seeb),https://database.factgrid.de/entity/Q389861,75,Point(45.058 34.1929)
Q389846,,Tall Aḥmar,Til Barsip (mod. Tell Ahmar),https://database.factgrid.de/entity/Q389846,304,Point(38.1209 36.6743)
Q389818,,Ishan Abū Kumbārah,,https://database.factgrid.de/entity/Q389818,,Point(46.1954 31.0535)
Q389883,,Tall Bāz Musiyān,,https://database.factgrid.de/entity/Q389883,,Point(44.9243 36.1614)
Q389809,,Al-Khiḍr,,https://database.factgrid.de/entity/Q389809,,Point(48.288 29.4657)
Q389867,,Tall al-A‘shārnah,Tunip (mod. Acharneh),https://database.factgrid.de/entity/Q389867,405,Point(36.3959 35.2877)
Q389856,,Tall al-Ḥammām,uncertain (mod. Tell Hammam),https://database.factgrid.de/entity/Q389856,113,Point(45.7675 31.6365)
Q389828,,Banat al-Hassan,,https://database.factgrid.de/entity/Q389828,,Point(45.5218 31.5757)
Q389828,,Banat al-Hassan,,https://database.factgrid.de/entity/Q389828,,Point(45.5218 31.5757)
Q389828,,Banat al-Hassan,,https://database.factgrid.de/entity/Q389828,,Point(45.5218 31.5757)
Q389828,,Banat al-Hassan,,https://database.factgrid.de/entity/Q389828,,Point(45.5218 31.5757)
Q389826,,Brīṣā,uncertain (mod. Brissa),https://database.factgrid.de/entity/Q389826,408,Point(36.3117 34.4309)
Q389845,,Tall Abū Qubur,uncertain (mod. Tell Abu Qubur),https://database.factgrid.de/entity/Q389845,233,Point(44.2185 33.1455)
Q389837,,Tadmur,uncertain (mod. Palmyra),https://database.factgrid.de/entity/Q389837,155,Point(38.2694 34.5522)
Q389890,,Tell Baqaq,,https://database.factgrid.de/entity/Q389890,,Point(42.9369 36.6888)
Q389821,,Barah,uncertain (mod. Pāra),https://database.factgrid.de/entity/Q389821,27,Point(41.4851 36.3757)
Q389882,,Tall Umm al-ʻAjarib,uncertain (mod. Umm al-Aqarib) : Gišša (mod. Umm al-Aqarib),https://database.factgrid.de/entity/Q389882,101,Point(45.9339 31.6207)
Q389882,,Tall Umm al-ʻAjarib,uncertain (mod. Umm al-Aqarib) : Gišša (mod. Umm al-Aqarib),https://database.factgrid.de/entity/Q389882,381,Point(45.9339 31.6207)
Q389852,,Tall Ajrab,uncertain (mod. Tell Agrab),https://database.factgrid.de/entity/Q389852,102,Point(44.8742 33.3391)
Q389870,,Tall al-Fakhīriyah,uncertain (mod. Tell Fakhariyah),https://database.factgrid.de/entity/Q389870,32,Point(40.0707 36.8424)
Q390103,,Yalçınkaya,,https://database.factgrid.de/entity/Q390103,,Point(42.8485 39.1768)
Q390106,,Hasbey,,https://database.factgrid.de/entity/Q390106,,Point(42.892 38.3427)
Q390107,,Mila Mergi,uncertain (mod. Mila Mergi),https://database.factgrid.de/entity/Q390107,62,Point(42.9136 37.006)
Q390108,,Muhrapert,,https://database.factgrid.de/entity/Q390108,,Point(42.9157 38.3461)
Q390105,,Ortakent,,https://database.factgrid.de/entity/Q390105,,Point(42.8815 41.2235)
Q389628,,Shephela,,https://database.factgrid.de/entity/Q389628,,Point(34.8685 31.6283)
Q389665,,Kuşsaray,,https://database.factgrid.de/entity/Q389665,,Point(35.1097 40.6061)
Q389679,,Mergeh Karvan,,https://database.factgrid.de/entity/Q389679,,Point(44.9669 36.9425)
Q389652,,Tel Rumeida,,https://database.factgrid.de/entity/Q389652,,Point(35.1023 31.5245)
Q389675,,Tabor,,https://database.factgrid.de/entity/Q389675,,Point(35.4147 32.6714)
Q389643,,Tel Jemmeh,,https://database.factgrid.de/entity/Q389643,,Point(34.445 31.3872)
Q389629,,Khirbet Kusiya,,https://database.factgrid.de/entity/Q389629,,Point(35.0062 32.4242)
Q389667,,Rutschi Tig,,https://database.factgrid.de/entity/Q389667,,Point(43.7555 42.9889)
Q389646,,Tel Keisan,,https://database.factgrid.de/entity/Q389646,,Point(35.1508 32.873)
Q389671,,Yrṿshlym,,https://database.factgrid.de/entity/Q389671,,Point(35.2358 31.7777)
Q389688,,Pasargad,Tall-I Takht (mod. Pasargadae),https://database.factgrid.de/entity/Q389688,198,Point(53.1768 30.2008)
Q389687,,Bisutun,uncertain (mod. Behistun),https://database.factgrid.de/entity/Q389687,237,Point(47.4318 34.3881)
Q389690,,Tapah Khībr,,https://database.factgrid.de/entity/Q389690,,Point(46.6409 34.5441)
Q389637,,Qaqun,uncertain (mod. Kibbutz Hama-apil),https://database.factgrid.de/entity/Q389637,189,Point(34.995 32.3593)
Q389669,,Beit She'an,,https://database.factgrid.de/entity/Q389669,,Point(35.503 32.5046)
Q389630,,Ashdod,Asdūdu (mod. Ashdod),https://database.factgrid.de/entity/Q389630,364,Point(34.6593 31.756)
Q389676,,Tall al-Naṣbah,uncertain (mod. Tell en-Nasbeh),https://database.factgrid.de/entity/Q389676,312,Point(35.2166 31.8851)
Q389644,,Tel Hadid,,https://database.factgrid.de/entity/Q389644,,Point(34.9517 31.9635)
Q389678,,Ta‘nak,uncertain (mod. Tell Taanach),https://database.factgrid.de/entity/Q389678,435,Point(35.2195 32.5216)
Q389642,,Tel Bet Shemesh,,https://database.factgrid.de/entity/Q389642,,Point(34.9748 31.7506)
Q389684,,Ishkaft Salmān,,https://database.factgrid.de/entity/Q389684,,Point(49.8476 31.8165)
Q389677,,Tel Hazor,uncertain (mod. Hazor),https://database.factgrid.de/entity/Q389677,46,Point(35.5654 33.0209)
Q389663,,Taşlik Höyük,,https://database.factgrid.de/entity/Q389663,,Point(35.0269 39.8017)
Q389650,,Gherla,uncertain (mod. Gherla Romania),https://database.factgrid.de/entity/Q389650,412,Point(23.8915 47.0195)
Q389613,,Tall al-Maskhūṭa,uncertain (mod. Tell el-Maskuta),https://database.factgrid.de/entity/Q389613,438,Point(32.1002 30.5539)
Q389614,,Sarābīūm,,https://database.factgrid.de/entity/Q389614,,Point(32.326 30.4677)
Q389623,,Iraklio,,https://database.factgrid.de/entity/Q389623,,Point(25.1332 35.3402)
Q389674,,Tall Balāṭah,,https://database.factgrid.de/entity/Q389674,,Point(35.2827 32.2135)
Q389661,,Yassi Höyük,,https://database.factgrid.de/entity/Q389661,,Point(34.8825 39.9931)
Q389635,,Tel Megiddo,uncertain (mod. Megiddo),https://database.factgrid.de/entity/Q389635,272,Point(35.1828 32.5822)
Q389633,,Gezer,,https://database.factgrid.de/entity/Q389633,,Point(34.921 31.8596)
Q389672,,Jericho,,https://database.factgrid.de/entity/Q389672,,Point(35.4441 31.871)
Q389655,,Büklükale,,https://database.factgrid.de/entity/Q389655,,Point(33.4283 39.5832)
Q389685,,Bastam,,https://database.factgrid.de/entity/Q389685,,Point(44.9473 38.8859)
Q389626,,Kastri,"uncertain (mod. Kastri, Cythera, Greece)",https://database.factgrid.de/entity/Q389626,415,Point(22.9979 36.2584)
Q389621,,Kubri,uncertain (mod. Suez),https://database.factgrid.de/entity/Q389621,427,Point(32.5527 30.113)
Q389632,,Ben Shemen,"uncertain (mod. Ben Shemen, Israel)",https://database.factgrid.de/entity/Q389632,111,Point(34.9206 31.9535)
Q389682,,Tepe Horreeye,,https://database.factgrid.de/entity/Q389682,,Point(48.5022 32.0313)
Q389639,,Tel Be'er Sheva,,https://database.factgrid.de/entity/Q389639,,Point(34.8406 31.2449)
Q389689,,Tapah Ḥiṣār,uncertain (mod. Hissar),https://database.factgrid.de/entity/Q389689,4,Point(54.3851 36.1544)
Q389634,,Wingate,,https://database.factgrid.de/entity/Q389634,,Point(34.8349 32.2616)
Q389681,,Nashteban,,https://database.factgrid.de/entity/Q389681,,Point(47.8013 38.0076)
Q389664,,Ushaklı Höyük,,https://database.factgrid.de/entity/Q389664,,Point(35.0525 39.813)
Q389683,,Abū Fanduwā,uncertain (mod. Abu Fandowa),https://database.factgrid.de/entity/Q389683,115,Point(48.3164 32.0941)
Q389641,,Tel Beth Mirsim,,https://database.factgrid.de/entity/Q389641,,Point(34.9105 31.4557)
Q390069,,Üçtepe,uncertain (mod. Kurkh),https://database.factgrid.de/entity/Q390069,230,Point(40.5397 37.826)
Q389694,,Tappah Gārān,,https://database.factgrid.de/entity/Q389694,,Point(47.3375 32.5802)
Q389696,,Tappah Mūsiyān,,https://database.factgrid.de/entity/Q389696,,Point(47.351 32.553)
Q389693,,Tapah Farukhābād,uncertain (mod. Tepe Farukhabad),https://database.factgrid.de/entity/Q389693,129,Point(47.2246 32.5873)
Q389691,,Tapah Daylam,,https://database.factgrid.de/entity/Q389691,,Point(48.4262 32.1672)
Q389695,,Tapah Gutwand,uncertain (mod. Tepe Gotvand) ?,https://database.factgrid.de/entity/Q389695,140,Point(48.8149 32.2363)
Q389692,,Tapah Sofālīn,uncertain (mod. Tepe Sofalin),https://database.factgrid.de/entity/Q389692,146,Point(51.7366 35.3161)
Q390051,,Mezraa Teleilat,,https://database.factgrid.de/entity/Q390051,,Point(37.9859 36.9773)
Q390007,,Kārībahīn,,https://database.factgrid.de/entity/Q390007,,Point(42.9355 36.776)
Q390061,,Burmageçit,,https://database.factgrid.de/entity/Q390061,,Point(39.5429 38.9714)
Q390075,,Hamamköy,,https://database.factgrid.de/entity/Q390075,,Point(41.3538 39.9056)
Q390099,,Koçaklar,,https://database.factgrid.de/entity/Q390099,,Point(42.7035 39.231)
Q390015,,Kānī Bī,,https://database.factgrid.de/entity/Q390015,,Point(44.8358 35.881)
Q390096,,Pirabat,,https://database.factgrid.de/entity/Q390096,,Point(42.5843 39.753)
Q390097,,Bulutpınar,,https://database.factgrid.de/entity/Q390097,,Point(42.655 39.3397)
Q390083,,Güzelhisar,,https://database.factgrid.de/entity/Q390083,,Point(41.9817 39.8283)
Q390098,,Bostankaya,,https://database.factgrid.de/entity/Q390098,,Point(42.6557 39.2028)
Q390043,,Hasancıklı,,https://database.factgrid.de/entity/Q390043,,Point(36.7917 37.6127)
Q390093,,Adalar,,https://database.factgrid.de/entity/Q390093,,Point(42.5142 39.124)
Q390082,,Alazlı,,https://database.factgrid.de/entity/Q390082,,Point(41.8247 38.6939)
Q390058,,Anaz,,https://database.factgrid.de/entity/Q390058,,Point(39.027 37.14)
Q390090,,Yazılıtaş,,https://database.factgrid.de/entity/Q390090,,Point(42.2755 39.8708)
Q390101,,Düzceli,,https://database.factgrid.de/entity/Q390101,,Point(42.7279 39.1747)
Q390065,,Palu,,https://database.factgrid.de/entity/Q390065,,Point(39.9535 38.7023)
Q390077,,Bingöl Dağ,,https://database.factgrid.de/entity/Q390077,,Point(41.3873 39.3101)
Q390039,,Çatal Höyük,,https://database.factgrid.de/entity/Q390039,,Point(36.5456 36.2977)
Q390029,,Wādī al-Sab`,,https://database.factgrid.de/entity/Q390029,,Point(36.349 34.5518)
Q390050,,Tilbes Höyük,,https://database.factgrid.de/entity/Q390050,,Point(37.8735 37.0886)
Q390084,,Kebeli,"uncertain (mod. Babil, Turkey)",https://database.factgrid.de/entity/Q390084,66,Point(42.0279 37.1876)
Q390067,,Pir Hüseyin,uncertain (mod. Pir Huseyin),https://database.factgrid.de/entity/Q390067,246,Point(40.3875 38.1113)
Q390100,,Kef Kalesi,,https://database.factgrid.de/entity/Q390100,,Point(42.7191 38.8334)
Q390012,,Kimūnah,,https://database.factgrid.de/entity/Q390012,,Point(42.7304 36.7713)
Q390094,,Malazgirt,,https://database.factgrid.de/entity/Q390094,,Point(42.5409 39.1461)
Q390088,,Süngütaşı,,https://database.factgrid.de/entity/Q390088,,Point(42.2432 40.2139)
Q390016,,Kūy Sīnjāq,,https://database.factgrid.de/entity/Q390016,,Point(44.6278 36.0847)
Q390091,,Aras,,https://database.factgrid.de/entity/Q390091,,Point(42.3081 39.9893)
Q390064,,Bağin,,https://database.factgrid.de/entity/Q390064,,Point(39.9002 39.0034)
Q390018,,Bakr Awa,,https://database.factgrid.de/entity/Q390018,,Point(45.9403 35.2215)
Q390071,,Mardin,,https://database.factgrid.de/entity/Q390071,,Point(40.7178 37.3246)
Q390086,,Yoncali,uncertain (mod. Yoncali),https://database.factgrid.de/entity/Q390086,78,Point(42.1875 39.129)
Q390080,,Koçyatağı,,https://database.factgrid.de/entity/Q390080,,Point(41.4978 39.2805)
Q390028,,Hamadān,uncertain (mod. Hamadan),https://database.factgrid.de/entity/Q390028,117,Point(48.5171 34.8043)
Q390081,,Donatım,,https://database.factgrid.de/entity/Q390081,,Point(41.5317 38.7187)
Q390042,,Karacaören,,https://database.factgrid.de/entity/Q390042,,Point(36.7554 39.8534)
Q390021,,Namrīk,,https://database.factgrid.de/entity/Q390021,,Point(42.8822 36.7241)
Q390047,,Kizkapanlı,uncertain (mod. Kizkapanlı),https://database.factgrid.de/entity/Q390047,20,Point(37.285 37.395)
Q390066,,Bahçecik,,https://database.factgrid.de/entity/Q390066,,Point(40.0858 38.9117)
Q390068,,Sarıca,,https://database.factgrid.de/entity/Q390068,,Point(40.4981 37.0445)
Q390087,,Sur Jar'a,uncertain (mod. Sur Jar'a),https://database.factgrid.de/entity/Q390087,199,Point(42.1939 34.3072)
Q390022,,Nihāwand,uncertain (mod. Nihavand ?),https://database.factgrid.de/entity/Q390022,28,Point(48.3769 34.1889)
Q390076,,Erzen,,https://database.factgrid.de/entity/Q390076,,Point(41.3849 37.978)
Q390035,,Kayseri,,https://database.factgrid.de/entity/Q390035,,Point(35.4614 38.7309)
Q390063,,Kaleköy,,https://database.factgrid.de/entity/Q390063,,Point(39.6584 39.0253)
Q390026,,Harāt,,https://database.factgrid.de/entity/Q390026,,Point(62.1899 34.3453)
Q390013,,Kūnārā,,https://database.factgrid.de/entity/Q390013,,Point(45.3594 35.5192)
Q390023,,Nahr al-Kalb,uncertain (mod. Nahr el-Kelb),https://database.factgrid.de/entity/Q390023,292,Point(35.5966 33.9554)
Q390095,,Sarıkamış,,https://database.factgrid.de/entity/Q390095,,Point(42.5796 40.3348)
Q390057,,Aşağı Yarımca,uncertain (mod. Aşağı Yarımca),https://database.factgrid.de/entity/Q390057,310,Point(38.969 36.8949)
Q390053,,Tall Fray,uncertain (mod. Tell Fray),https://database.factgrid.de/entity/Q390053,,Point(38.3835 35.9029)
Q390032,,Yāsūj,uncertain (mod. Yasuj),https://database.factgrid.de/entity/Q390032,188,Point(51.5796 30.6673)
Q390049,,Kenk Boǧazı,,https://database.factgrid.de/entity/Q390049,,Point(37.8436 37.2506)
Q390089,,Kotanlı,,https://database.factgrid.de/entity/Q390089,,Point(42.2482 39.1412)
Q390008,,Kāmid al-Lūz,,https://database.factgrid.de/entity/Q390008,,Point(35.821 33.6235)
Q390009,,Kānī Shāyah,,https://database.factgrid.de/entity/Q390009,,Point(45.1764 35.5579)
Q390019,,Nigūb,uncertain (mod. Negub tunnel),https://database.factgrid.de/entity/Q390019,273,Point(43.4762 36.0446)