FG_qid,FG_qid_url,Len,Aen,P694,P48,P2,description_en,source_file
Q91761,https://database.factgrid.de/entity/Q91761,Sidon,,144,,,,/Users/aa/Downloads/AncientSettlement_CDLI2.csv
Q389610,https://database.factgrid.de/entity/Q389610,Akhetaten (mod. el-Amarna),,266,,,,/Users/aa/Downloads/AncientSettlement_CDLI2.csv
Q389632,https://database.factgrid.de/entity/Q389632,Ben Shemen,,111,,,,/Users/aa/Downloads/AncientSettlement_CDLI2.csv
Q389637,https://database.factgrid.de/entity/Q389637,Qaqun,,189,,,,/Users/aa/Downloads/AncientSettlement_CDLI2.csv
Q389638,https://database.factgrid.de/entity/Q389638,Antipatris (mod. Tel Aphek),,10,,,,/Users/aa/Downloads/AncientSettlement_CDLI2.csv
Q389683,https://database.factgrid.de/entity/Q389683,Abū Fanduwā,,115,,,,/Users/aa/Downloads/AncientSettlement_CDLI2.csv
Q389688,https://database.factgrid.de/entity/Q389688,Tall-I Takht (mod. Pasargadae),,198,,,,/Users/aa/Downloads/AncientSettlement_CDLI2.csv
Q389692,https://database.factgrid.de/entity/Q389692,Tepe Sofalin,,146,,,,/Users/aa/Downloads/AncientSettlement_CDLI2.csv
Q389693,https://database.factgrid.de/entity/Q389693,Tepe Farukhabad,,129,,,,/Users/aa/Downloads/AncientSettlement_CDLI2.csv
Q389710,https://database.factgrid.de/entity/Q389710,Chogha Mish,,137,,,,/Users/aa/Downloads/AncientSettlement_CDLI2.csv
Q389716,https://database.factgrid.de/entity/Q389716,Sar-i-pul-i-Zohāb,,116,,,,/Users/aa/Downloads/AncientSettlement_CDLI2.csv
Q389723,https://database.factgrid.de/entity/Q389723,Susa (mod. Shush),,12,,,,/Users/aa/Downloads/AncientSettlement_CDLI2.csv
Q389732,https://database.factgrid.de/entity/Q389732,Kermanshah,,247,,,,/Users/aa/Downloads/AncientSettlement_CDLI2.csv
Q389768,https://database.factgrid.de/entity/Q389768,Tell Sweyhat,,156,,,,/Users/aa/Downloads/AncientSettlement_CDLI2.csv
Q389770,https://database.factgrid.de/entity/Q389770,Glai'a,,173,,,,/Users/aa/Downloads/AncientSettlement_CDLI2.csv
Q389775,https://database.factgrid.de/entity/Q389775,Tell al-Diba'i,,148,,,,/Users/aa/Downloads/AncientSettlement_CDLI2.csv
Q389790,https://database.factgrid.de/entity/Q389790,Nerebtum (mod. Iščali),,245,,,,/Users/aa/Downloads/AncientSettlement_CDLI2.csv
Q389792,https://database.factgrid.de/entity/Q389792,Umm el-Hafriyat,,268,,,,/Users/aa/Downloads/AncientSettlement_CDLI2.csv
Q389798,https://database.factgrid.de/entity/Q389798,Ishan-Dhahak,,138,,,,/Users/aa/Downloads/AncientSettlement_CDLI2.csv
Q389803,https://database.factgrid.de/entity/Q389803,Tell Abu-Maria,,158,,,,/Users/aa/Downloads/AncientSettlement_CDLI2.csv
Q389806,https://database.factgrid.de/entity/Q389806,al Ḥā'iṭ,,112,,,,/Users/aa/Downloads/AncientSettlement_CDLI2.csv
Q389827,https://database.factgrid.de/entity/Q389827,Imgur-Enlil (mod. Balawat),,275,,,,/Users/aa/Downloads/AncientSettlement_CDLI2.csv
Q389833,https://database.factgrid.de/entity/Q389833,Umma (mod. Tell Jokha),,154,,,,/Users/aa/Downloads/AncientSettlement_CDLI2.csv
Q389840,https://database.factgrid.de/entity/Q389840,Sippar-Yahrurum (mod. Tell Abu Habbah),,25,,,,/Users/aa/Downloads/AncientSettlement_CDLI2.csv
Q389841,https://database.factgrid.de/entity/Q389841,Maškan-šapir (mod. Tell Abu Duwari),,192,,,,/Users/aa/Downloads/AncientSettlement_CDLI2.csv
Q389848,https://database.factgrid.de/entity/Q389848,Kutha (mod. Tell Ibrahim),,23,,,,/Users/aa/Downloads/AncientSettlement_CDLI2.csv
Q389853,https://database.factgrid.de/entity/Q389853,Terqa (mod. Ashara),,250,,,,/Users/aa/Downloads/AncientSettlement_CDLI2.csv
Q389854,https://database.factgrid.de/entity/Q389854,Tuttul (mod. Tell Bi'a),,26,,,,/Users/aa/Downloads/AncientSettlement_CDLI2.csv
Q389856,https://database.factgrid.de/entity/Q389856,Tell Hammam,,113,,,,/Users/aa/Downloads/AncientSettlement_CDLI2.csv
Q389858,https://database.factgrid.de/entity/Q389858,Sippar-Amnanum (mod. Tell ed-Der),,2,,,,/Users/aa/Downloads/AncientSettlement_CDLI2.csv
Q389859,https://database.factgrid.de/entity/Q389859,Qatara (mod. Tell al Rimah),,242,,,,/Users/aa/Downloads/AncientSettlement_CDLI2.csv
Q389860,https://database.factgrid.de/entity/Q389860,Larsa (mod. Tell as-Senkereh),,168,,,,/Users/aa/Downloads/AncientSettlement_CDLI2.csv
Q389861,https://database.factgrid.de/entity/Q389861,Tell As-Sib,,196,,,,/Users/aa/Downloads/AncientSettlement_CDLI2.csv
Q389862,https://database.factgrid.de/entity/Q389862,Ḫarbe (mod. Tell Chuera),,204,,,,/Users/aa/Downloads/AncientSettlement_CDLI2.csv
Q389863,https://database.factgrid.de/entity/Q389863,Dur-Katlimmu (mod. Tall Shekh Hamad),,135,,,,/Users/aa/Downloads/AncientSettlement_CDLI2.csv
Q389868,https://database.factgrid.de/entity/Q389868,Alalakh,,162,,,,/Users/aa/Downloads/AncientSettlement_CDLI2.csv
Q389875,https://database.factgrid.de/entity/Q389875,Bad-Tibira (mod. Tell Medinah),,133,,,,/Users/aa/Downloads/AncientSettlement_CDLI2.csv
Q389877,https://database.factgrid.de/entity/Q389877,Ur (mod. Tell Muqayyar),,21,,,,/Users/aa/Downloads/AncientSettlement_CDLI2.csv
Q389882,https://database.factgrid.de/entity/Q389882,Gišša (mod. Umm al-Aqarib),,101,,,,/Users/aa/Downloads/AncientSettlement_CDLI2.csv
Q389886,https://database.factgrid.de/entity/Q389886,Nagar (mod. Tell Brak),,217,,,,/Users/aa/Downloads/AncientSettlement_CDLI2.csv
Q389891,https://database.factgrid.de/entity/Q389891,Nabada,,260,,,,/Users/aa/Downloads/AncientSettlement_CDLI2.csv
Q389894,https://database.factgrid.de/entity/Q389894,Me-Turran (mod. Tell Haddad),,149,,,,/Users/aa/Downloads/AncientSettlement_CDLI2.csv
Q389896,https://database.factgrid.de/entity/Q389896,Mari (mod. Tell Hariri),,161,,,,/Users/aa/Downloads/AncientSettlement_CDLI2.csv
Q389897,https://database.factgrid.de/entity/Q389897,Tall Halawah,,235,,,,/Users/aa/Downloads/AncientSettlement_CDLI2.csv
Q389905,https://database.factgrid.de/entity/Q389905,Tell Sifr,,210,,,,/Users/aa/Downloads/AncientSettlement_CDLI2.csv
Q389910,https://database.factgrid.de/entity/Q389910,Ašnakkum,,136,,,,/Users/aa/Downloads/AncientSettlement_CDLI2.csv
Q389914,https://database.factgrid.de/entity/Q389914,Marad (mod. Wanna-wa-Sadum),,223,,,,/Users/aa/Downloads/AncientSettlement_CDLI2.csv
Q389922,https://database.factgrid.de/entity/Q389922,Der (mod. Tell Aqar),,178,,,,/Users/aa/Downloads/AncientSettlement_CDLI2.csv
Q389923,https://database.factgrid.de/entity/Q389923,Dur-Kurigalzu (mod. Aqar Quf),,13,,,,/Users/aa/Downloads/AncientSettlement_CDLI2.csv
Q389940,https://database.factgrid.de/entity/Q389940,Emar (mod. Tell Meskene),,143,,,,/Users/aa/Downloads/AncientSettlement_CDLI2.csv
Q389941,https://database.factgrid.de/entity/Q389941,Ekalte (mod. Tell Munbaqa),,214,,,,/Users/aa/Downloads/AncientSettlement_CDLI2.csv
Q389942,https://database.factgrid.de/entity/Q389942,Urkesh (mod. Tell Mozan),,254,,,,/Users/aa/Downloads/AncientSettlement_CDLI2.csv
Q389944,https://database.factgrid.de/entity/Q389944,Larak (mod. Tell Wilayah) : Kesh (mod. Wilaya ?),,132,,,,/Users/aa/Downloads/AncientSettlement_CDLI2.csv
Q389947,https://database.factgrid.de/entity/Q389947,Tulul Abu Jawan,,121,,,,/Users/aa/Downloads/AncientSettlement_CDLI2.csv
Q389949,https://database.factgrid.de/entity/Q389949,Tell al-Baqarat,,148,,,,/Users/aa/Downloads/AncientSettlement_CDLI2.csv
Q389957,https://database.factgrid.de/entity/Q389957,Karkemish (mod. Djerabis),,270,,,,/Users/aa/Downloads/AncientSettlement_CDLI2.csv
Q389958,https://database.factgrid.de/entity/Q389958,Jerwan,,142,,,,/Users/aa/Downloads/AncientSettlement_CDLI2.csv
Q389960,https://database.factgrid.de/entity/Q389960,Jemdet Nasr,,159,,,,/Users/aa/Downloads/AncientSettlement_CDLI2.csv
Q389966,https://database.factgrid.de/entity/Q389966,Khan Haswa,,19,,,,/Users/aa/Downloads/AncientSettlement_CDLI2.csv
Q389968,https://database.factgrid.de/entity/Q389968,Tutub (mod. Khafaje),,130,,,,/Users/aa/Downloads/AncientSettlement_CDLI2.csv
Q389971,https://database.factgrid.de/entity/Q389971,Diqdiqqah,,153,,,,/Users/aa/Downloads/AncientSettlement_CDLI2.csv
Q389973,https://database.factgrid.de/entity/Q389973,Dura-Europus,,220,,,,/Users/aa/Downloads/AncientSettlement_CDLI2.csv
Q389975,https://database.factgrid.de/entity/Q389975,Ugarit (mod. Ras Shamra),,131,,,,/Users/aa/Downloads/AncientSettlement_CDLI2.csv
Q389986,https://database.factgrid.de/entity/Q389986,Seleucia,,120,,,,/Users/aa/Downloads/AncientSettlement_CDLI2.csv
Q389987,https://database.factgrid.de/entity/Q389987,Sulaiymah,,174,,,,/Users/aa/Downloads/AncientSettlement_CDLI2.csv
Q390000,https://database.factgrid.de/entity/Q390000,'Anah,,194,,,,/Users/aa/Downloads/AncientSettlement_CDLI2.csv
Q390001,https://database.factgrid.de/entity/Q390001,Assur,,211,,,,/Users/aa/Downloads/AncientSettlement_CDLI2.csv
Q390010,https://database.factgrid.de/entity/Q390010,Arrapha (mod. Kirkuk),,165,,,,/Users/aa/Downloads/AncientSettlement_CDLI2.csv
Q390022,https://database.factgrid.de/entity/Q390022,Nihavand,,28,,,,/Users/aa/Downloads/AncientSettlement_CDLI2.csv
Q390027,https://database.factgrid.de/entity/Q390027,Kabnak (mod. Haft Tepe),,100,,,,/Users/aa/Downloads/AncientSettlement_CDLI2.csv
Q390028,https://database.factgrid.de/entity/Q390028,Hamadan,,117,,,,/Users/aa/Downloads/AncientSettlement_CDLI2.csv
Q390030,https://database.factgrid.de/entity/Q390030,Uruk (mod. Warka),,105,,,,/Users/aa/Downloads/AncientSettlement_CDLI2.csv
Q390032,https://database.factgrid.de/entity/Q390032,Yasuj,,188,,,,/Users/aa/Downloads/AncientSettlement_CDLI2.csv
Q390034,https://database.factgrid.de/entity/Q390034,Ankuwa,,227,,,,/Users/aa/Downloads/AncientSettlement_CDLI2.csv
Q390044,https://database.factgrid.de/entity/Q390044,Šarišša,,190,,,,/Users/aa/Downloads/AncientSettlement_CDLI2.csv
Q390047,https://database.factgrid.de/entity/Q390047,Kizkapanlı,,20,,,,/Users/aa/Downloads/AncientSettlement_CDLI2.csv
Q390059,https://database.factgrid.de/entity/Q390059,Harran (mod. Harran),,202,,,,/Users/aa/Downloads/AncientSettlement_CDLI2.csv
Q390069,https://database.factgrid.de/entity/Q390069,Kurkh,,230,,,,/Users/aa/Downloads/AncientSettlement_CDLI2.csv
Q390073,https://database.factgrid.de/entity/Q390073,Tushhan (mod. Ziyaret Tepe),,244,,,,/Users/aa/Downloads/AncientSettlement_CDLI2.csv
Q390087,https://database.factgrid.de/entity/Q390087,Sur Jar'a,,199,,,,/Users/aa/Downloads/AncientSettlement_CDLI2.csv
Q390092,https://database.factgrid.de/entity/Q390092,Judi Dagh,,224,,,,/Users/aa/Downloads/AncientSettlement_CDLI2.csv
Q390128,https://database.factgrid.de/entity/Q390128,"Toprakkale, Eastern Anatolia",,218,,,,/Users/aa/Downloads/AncientSettlement_CDLI2.csv
Q2099906,https://database.factgrid.de/entity/Q2099906,Alu-šabtu,,239,,,,/Users/aa/Downloads/AncientSettlement_CDLI2.csv
Q2099911,https://database.factgrid.de/entity/Q2099911,Ba-milkišu,,17,,,,/Users/aa/Downloads/AncientSettlement_CDLI2.csv
Q2099920,https://database.factgrid.de/entity/Q2099920,Bit-ḫulummu,,236,,,,/Users/aa/Downloads/AncientSettlement_CDLI2.csv
Q2099926,https://database.factgrid.de/entity/Q2099926,Bit-ṭab-bel,,125,,,,/Users/aa/Downloads/AncientSettlement_CDLI2.csv
Q2099933,https://database.factgrid.de/entity/Q2099933,Ecbatana,,147,,,,/Users/aa/Downloads/AncientSettlement_CDLI2.csv
Q2099941,https://database.factgrid.de/entity/Q2099941,Girigu,,128,,,,/Users/aa/Downloads/AncientSettlement_CDLI2.csv
Q2099949,https://database.factgrid.de/entity/Q2099949,Himeri,,213,,,,/Users/aa/Downloads/AncientSettlement_CDLI2.csv
Q2099953,https://database.factgrid.de/entity/Q2099953,Hummanu,,225,,,,/Users/aa/Downloads/AncientSettlement_CDLI2.csv
Q2099954,https://database.factgrid.de/entity/Q2099954,Hurruba,,175,,,,/Users/aa/Downloads/AncientSettlement_CDLI2.csv
Q2099961,https://database.factgrid.de/entity/Q2099961,Kar-bel-matati,,141,,,,/Users/aa/Downloads/AncientSettlement_CDLI2.csv
Q2099962,https://database.factgrid.de/entity/Q2099962,Kar-Nabu,,134,,,,/Users/aa/Downloads/AncientSettlement_CDLI2.csv
Q2099969,https://database.factgrid.de/entity/Q2099969,Lagaba,,16,,,,/Users/aa/Downloads/AncientSettlement_CDLI2.csv
Q2099973,https://database.factgrid.de/entity/Q2099973,Mah-i-dasht plain,,18,,,,/Users/aa/Downloads/AncientSettlement_CDLI2.csv
Q2099976,https://database.factgrid.de/entity/Q2099976,Naḫalla,,201,,,,/Users/aa/Downloads/AncientSettlement_CDLI2.csv
Q2099979,https://database.factgrid.de/entity/Q2099979,Nessana,,238,,,,/Users/aa/Downloads/AncientSettlement_CDLI2.csv
Q2100032,https://database.factgrid.de/entity/Q2100032,Tulūl Yassir,,172,,,,/Users/aa/Downloads/AncientSettlement_CDLI2.csv
Q2100033,https://database.factgrid.de/entity/Q2100033,Udannu,,152,,,,/Users/aa/Downloads/AncientSettlement_CDLI2.csv
Q2100034,https://database.factgrid.de/entity/Q2100034,Uhudu,,145,,,,/Users/aa/Downloads/AncientSettlement_CDLI2.csv
Q389626,https://database.factgrid.de/entity/Q389626,"Kastri, Cythera",,415,,,,/Users/aa/Downloads/AncientSettlement_CDLI2.csv
Q389630,https://database.factgrid.de/entity/Q389630,Asdūdu (mod. Ashdod),,364,,,,/Users/aa/Downloads/AncientSettlement_CDLI2.csv
Q389670,https://database.factgrid.de/entity/Q389670,Habuba Kabira,,44,,,,/Users/aa/Downloads/AncientSettlement_CDLI2.csv
Q389676,https://database.factgrid.de/entity/Q389676,Tell en-Nasbeh,,312,,,,/Users/aa/Downloads/AncientSettlement_CDLI2.csv
Q389677,https://database.factgrid.de/entity/Q389677,Hazor,,46,,,,/Users/aa/Downloads/AncientSettlement_CDLI2.csv
Q389689,https://database.factgrid.de/entity/Q389689,Hissar,,4,,,,/Users/aa/Downloads/AncientSettlement_CDLI2.csv
Q389695,https://database.factgrid.de/entity/Q389695,Tepe Gotvand,,140,,,,/Users/aa/Downloads/AncientSettlement_CDLI2.csv
Q389700,https://database.factgrid.de/entity/Q389700,Ghazir,,284,,,,/Users/aa/Downloads/AncientSettlement_CDLI2.csv
Q389701,https://database.factgrid.de/entity/Q389701,Anšan (mod. Tell Malyan),,286,,,,/Users/aa/Downloads/AncientSettlement_CDLI2.csv
Q389717,https://database.factgrid.de/entity/Q389717,Surkh Dum (mod. Luristan),,400,,,,/Users/aa/Downloads/AncientSettlement_CDLI2.csv
Q389722,https://database.factgrid.de/entity/Q389722,Shahr-i Sokhta,,309,,,,/Users/aa/Downloads/AncientSettlement_CDLI2.csv
Q389727,https://database.factgrid.de/entity/Q389727,Qasr-i Abu Nasr (mod. uncertain),,11,,,,/Users/aa/Downloads/AncientSettlement_CDLI2.csv
Q389731,https://database.factgrid.de/entity/Q389731,Kam-Firouz,,414,,,,/Users/aa/Downloads/AncientSettlement_CDLI2.csv
Q389734,https://database.factgrid.de/entity/Q389734,Konar Sandal,,416,,,,/Users/aa/Downloads/AncientSettlement_CDLI2.csv
Q389745,https://database.factgrid.de/entity/Q389745,Naqish-e Rostam,,422,,,,/Users/aa/Downloads/AncientSettlement_CDLI2.csv
Q389777,https://database.factgrid.de/entity/Q389777,Kish (mod. Tell Barguthiat),,361,,,,/Users/aa/Downloads/AncientSettlement_CDLI2.csv
Q389787,https://database.factgrid.de/entity/Q389787,Eridu (mod. Abu Shahrain),,59,,,,/Users/aa/Downloads/AncientSettlement_CDLI2.csv
Q389791,https://database.factgrid.de/entity/Q389791,Mugdan,,3,,,,/Users/aa/Downloads/AncientSettlement_CDLI2.csv
Q389795,https://database.factgrid.de/entity/Q389795,Upi (mod. Opis),,55,,,,/Users/aa/Downloads/AncientSettlement_CDLI2.csv
Q389796,https://database.factgrid.de/entity/Q389796,Kisurra (mod. Abu Hatab),,314,,,,/Users/aa/Downloads/AncientSettlement_CDLI2.csv
Q389804,https://database.factgrid.de/entity/Q389804,Šibaniba (mod. Tell Billa),,176,,,,/Users/aa/Downloads/AncientSettlement_CDLI2.csv
Q389806,https://database.factgrid.de/entity/Q389806,al Ḥā'iṭ,,443,,,,/Users/aa/Downloads/AncientSettlement_CDLI2.csv
Q389819,https://database.factgrid.de/entity/Q389819,Sirara (mod. Tell Zurghul),,40,,,,/Users/aa/Downloads/AncientSettlement_CDLI2.csv
Q389820,https://database.factgrid.de/entity/Q389820,Babylon,,299,,,,/Users/aa/Downloads/AncientSettlement_CDLI2.csv
Q389820,https://database.factgrid.de/entity/Q389820,Babylon,,200,,,,/Users/aa/Downloads/AncientSettlement_CDLI2.csv
Q389821,https://database.factgrid.de/entity/Q389821,Pāra,,27,,,,/Users/aa/Downloads/AncientSettlement_CDLI2.csv
Q389822,https://database.factgrid.de/entity/Q389822,Bassetki,,24,,,,/Users/aa/Downloads/AncientSettlement_CDLI2.csv
Q389831,https://database.factgrid.de/entity/Q389831,Ešnunna (mod. Tell Asmar),,91,,,,/Users/aa/Downloads/AncientSettlement_CDLI2.csv
Q389835,https://database.factgrid.de/entity/Q389835,Tepe Sialk,,74,,,,/Users/aa/Downloads/AncientSettlement_CDLI2.csv
Q389837,https://database.factgrid.de/entity/Q389837,Palmyra,,155,,,,/Users/aa/Downloads/AncientSettlement_CDLI2.csv
Q389843,https://database.factgrid.de/entity/Q389843,Tell Abu Salabikh,,73,,,,/Users/aa/Downloads/AncientSettlement_CDLI2.csv
Q389844,https://database.factgrid.de/entity/Q389844,Tall Abū ‘Antīk,,298,,,,/Users/aa/Downloads/AncientSettlement_CDLI2.csv
Q389845,https://database.factgrid.de/entity/Q389845,Tell Abu Qubur,,233,,,,/Users/aa/Downloads/AncientSettlement_CDLI2.csv
Q389846,https://database.factgrid.de/entity/Q389846,Til Barsip (mod. Tell Ahmar),,304,,,,/Users/aa/Downloads/AncientSettlement_CDLI2.csv
Q389849,https://database.factgrid.de/entity/Q389849,Old Makhmur,,264,,,,/Users/aa/Downloads/AncientSettlement_CDLI2.csv
Q389850,https://database.factgrid.de/entity/Q389850,Zabala,,98,,,,/Users/aa/Downloads/AncientSettlement_CDLI2.csv
Q389850,https://database.factgrid.de/entity/Q389850,Zabala,,99,,,,/Users/aa/Downloads/AncientSettlement_CDLI2.csv
Q389870,https://database.factgrid.de/entity/Q389870,Tell Fakhariyah,,32,,,,/Users/aa/Downloads/AncientSettlement_CDLI2.csv
Q389873,https://database.factgrid.de/entity/Q389873,Kuara,,33,,,,/Users/aa/Downloads/AncientSettlement_CDLI2.csv
Q389873,https://database.factgrid.de/entity/Q389873,Kuara,,191,,,,/Users/aa/Downloads/AncientSettlement_CDLI2.csv
Q389880,https://database.factgrid.de/entity/Q389880,Lagash (mod. El-Hiba),,39,,,,/Users/aa/Downloads/AncientSettlement_CDLI2.csv
Q389888,https://database.factgrid.de/entity/Q389888,Garšana (mod. uncertain),,38,,,,/Users/aa/Downloads/AncientSettlement_CDLI2.csv
Q389895,https://database.factgrid.de/entity/Q389895,Shaduppum,,221,,,,/Users/aa/Downloads/AncientSettlement_CDLI2.csv
Q389899,https://database.factgrid.de/entity/Q389899,Tell Hammam et-Turkman,,36,,,,/Users/aa/Downloads/AncientSettlement_CDLI2.csv
Q389904,https://database.factgrid.de/entity/Q389904,Tell Subeidi,,433,,,,/Users/aa/Downloads/AncientSettlement_CDLI2.csv
Q389911,https://database.factgrid.de/entity/Q389911,Tarbisu (mod. Tell Sherif Khan),,84,,,,/Users/aa/Downloads/AncientSettlement_CDLI2.csv
Q389912,https://database.factgrid.de/entity/Q389912,Susarra (mod. Tell Shemshara),,401,,,,/Users/aa/Downloads/AncientSettlement_CDLI2.csv
Q389917,https://database.factgrid.de/entity/Q389917,Amuda,,179,,,,/Users/aa/Downloads/AncientSettlement_CDLI2.csv
Q389924,https://database.factgrid.de/entity/Q389924,Tell Uqair,,72,,,,/Users/aa/Downloads/AncientSettlement_CDLI2.csv
Q389935,https://database.factgrid.de/entity/Q389935,Tell Muhammad,,7,,,,/Users/aa/Downloads/AncientSettlement_CDLI2.csv
Q389945,https://database.factgrid.de/entity/Q389945,Tell Yarah,,219,,,,/Users/aa/Downloads/AncientSettlement_CDLI2.csv
Q389950,https://database.factgrid.de/entity/Q389950,Tulul al-Lak,,107,,,,/Users/aa/Downloads/AncientSettlement_CDLI2.csv
Q389953,https://database.factgrid.de/entity/Q389953,Jebel Aruda,,42,,,,/Users/aa/Downloads/AncientSettlement_CDLI2.csv
Q389955,https://database.factgrid.de/entity/Q389955,Gubla (mod. Byblos),,47,,,,/Users/aa/Downloads/AncientSettlement_CDLI2.csv
Q389956,https://database.factgrid.de/entity/Q389956,Jedide,,93,,,,/Users/aa/Downloads/AncientSettlement_CDLI2.csv
Q389961,https://database.factgrid.de/entity/Q389961,Jīroft,,169,,,,/Users/aa/Downloads/AncientSettlement_CDLI2.csv
Q389977,https://database.factgrid.de/entity/Q389977,Rabat Tepe,,297,,,,/Users/aa/Downloads/AncientSettlement_CDLI2.csv
Q389978,https://database.factgrid.de/entity/Q389978,el-Ghab,,60,,,,/Users/aa/Downloads/AncientSettlement_CDLI2.csv
Q389979,https://database.factgrid.de/entity/Q389979,Zalil Ab,,58,,,,/Users/aa/Downloads/AncientSettlement_CDLI2.csv
Q389988,https://database.factgrid.de/entity/Q389988,Kian (Tell Shmid),,360,,,,/Users/aa/Downloads/AncientSettlement_CDLI2.csv
Q389998,https://database.factgrid.de/entity/Q389998,"Dilmun (mod. A'ali, Bahrain)",,376,,,,/Users/aa/Downloads/AncientSettlement_CDLI2.csv
Q390014,https://database.factgrid.de/entity/Q390014,Kish (mod. Tell el-Bender),,71,,,,/Users/aa/Downloads/AncientSettlement_CDLI2.csv
Q390014,https://database.factgrid.de/entity/Q390014,Kish (mod. Tell el-Bender),,85,,,,/Users/aa/Downloads/AncientSettlement_CDLI2.csv
Q390017,https://database.factgrid.de/entity/Q390017,Nippur (mod. Nuffar),,22,,,,/Users/aa/Downloads/AncientSettlement_CDLI2.csv
Q390019,https://database.factgrid.de/entity/Q390019,Negub tunnel,,273,,,,/Users/aa/Downloads/AncientSettlement_CDLI2.csv
Q390037,https://database.factgrid.de/entity/Q390037,Tappika,,5,,,,/Users/aa/Downloads/AncientSettlement_CDLI2.csv
Q390040,https://database.factgrid.de/entity/Q390040,Samal (mod. Zinčirli),,14,,,,/Users/aa/Downloads/AncientSettlement_CDLI2.csv
Q390045,https://database.factgrid.de/entity/Q390045,Marqasu (mod. Kahramanmaraş),,394,,,,/Users/aa/Downloads/AncientSettlement_CDLI2.csv
Q390052,https://database.factgrid.de/entity/Q390052,Melidu (mod. Arslantepe),,395,,,,/Users/aa/Downloads/AncientSettlement_CDLI2.csv
Q390057,https://database.factgrid.de/entity/Q390057,Aşağı Yarımca,,310,,,,/Users/aa/Downloads/AncientSettlement_CDLI2.csv
Q390067,https://database.factgrid.de/entity/Q390067,Pir Huseyin,,246,,,,/Users/aa/Downloads/AncientSettlement_CDLI2.csv
Q390072,https://database.factgrid.de/entity/Q390072,Giricano,,150,,,,/Users/aa/Downloads/AncientSettlement_CDLI2.csv
Q390084,https://database.factgrid.de/entity/Q390084,Kebeli,,66,,,,/Users/aa/Downloads/AncientSettlement_CDLI2.csv
Q390086,https://database.factgrid.de/entity/Q390086,Yoncali,,78,,,,/Users/aa/Downloads/AncientSettlement_CDLI2.csv
Q390107,https://database.factgrid.de/entity/Q390107,Mila Mergi,,62,,,,/Users/aa/Downloads/AncientSettlement_CDLI2.csv
Q390161,https://database.factgrid.de/entity/Q390161,Irisagrig,,48,,,,/Users/aa/Downloads/AncientSettlement_CDLI2.csv
Q390163,https://database.factgrid.de/entity/Q390163,Umm al-Wawīya,,215,,,,/Users/aa/Downloads/AncientSettlement_CDLI2.csv
Q2099892,https://database.factgrid.de/entity/Q2099892,Abu Sêcher,,123,,,,/Users/aa/Downloads/AncientSettlement_CDLI2.csv
Q2099893,https://database.factgrid.de/entity/Q2099893,Adabilu,,362,,,,/Users/aa/Downloads/AncientSettlement_CDLI2.csv
Q2099895,https://database.factgrid.de/entity/Q2099895,Agamatanu,,56,,,,/Users/aa/Downloads/AncientSettlement_CDLI2.csv
Q2099904,https://database.factgrid.de/entity/Q2099904,Alu-ša-šuma-ukin,,203,,,,/Users/aa/Downloads/AncientSettlement_CDLI2.csv
Q2099915,https://database.factgrid.de/entity/Q2099915,Bīt-Bāba-ēriš,,368,,,,/Users/aa/Downloads/AncientSettlement_CDLI2.csv
Q2099917,https://database.factgrid.de/entity/Q2099917,Bīt-Dibušiti,,369,,,,/Users/aa/Downloads/AncientSettlement_CDLI2.csv
Q2099919,https://database.factgrid.de/entity/Q2099919,Bīt-ham...,,372,,,,/Users/aa/Downloads/AncientSettlement_CDLI2.csv
Q2099923,https://database.factgrid.de/entity/Q2099923,Bīt-Naʾinnašu,,371,,,,/Users/aa/Downloads/AncientSettlement_CDLI2.csv
Q2099925,https://database.factgrid.de/entity/Q2099925,Bīt-Šinqā,,373,,,,/Users/aa/Downloads/AncientSettlement_CDLI2.csv
Q2099927,https://database.factgrid.de/entity/Q2099927,Bit-zerija,,31,,,,/Users/aa/Downloads/AncientSettlement_CDLI2.csv
Q2099932,https://database.factgrid.de/entity/Q2099932,Dusabar,,45,,,,/Users/aa/Downloads/AncientSettlement_CDLI2.csv
Q2099938,https://database.factgrid.de/entity/Q2099938,Ešura,,379,,,,/Users/aa/Downloads/AncientSettlement_CDLI2.csv
Q2099960,https://database.factgrid.de/entity/Q2099960,Kapru,,37,,,,/Users/aa/Downloads/AncientSettlement_CDLI2.csv
Q2099968,https://database.factgrid.de/entity/Q2099968,Kumu,,151,,,,/Users/aa/Downloads/AncientSettlement_CDLI2.csv
Q2099977,https://database.factgrid.de/entity/Q2099977,Nar-Madanu,,313,,,,/Users/aa/Downloads/AncientSettlement_CDLI2.csv
Q2099978,https://database.factgrid.de/entity/Q2099978,Naṣir,,63,,,,/Users/aa/Downloads/AncientSettlement_CDLI2.csv
Q2099982,https://database.factgrid.de/entity/Q2099982,Qaṭibat,,76,,,,/Users/aa/Downloads/AncientSettlement_CDLI2.csv
Q2099984,https://database.factgrid.de/entity/Q2099984,Qatuna,,61,,,,/Users/aa/Downloads/AncientSettlement_CDLI2.csv
Q2099991,https://database.factgrid.de/entity/Q2099991,Šašrum,,186,,,,/Users/aa/Downloads/AncientSettlement_CDLI2.csv
Q2099994,https://database.factgrid.de/entity/Q2099994,Ṣurmeš,,70,,,,/Users/aa/Downloads/AncientSettlement_CDLI2.csv
Q2099995,https://database.factgrid.de/entity/Q2099995,Surru,,29,,,,/Users/aa/Downloads/AncientSettlement_CDLI2.csv
Q2100021,https://database.factgrid.de/entity/Q2100021,Tell Khaiber,,635,,,,/Users/aa/Downloads/AncientSettlement_CDLI2.csv
Q2100023,https://database.factgrid.de/entity/Q2100023,Tigunānum,,51,,,,/Users/aa/Downloads/AncientSettlement_CDLI2.csv
Q82414,https://database.factgrid.de/entity/Q82414,Isqalluna (mod. Ashkelon),,251,,,,/Users/aa/Downloads/AncientSettlement_CDLI2.csv
Q85914,https://database.factgrid.de/entity/Q85914,Hamath (mod. Hama),,384,,,,/Users/aa/Downloads/AncientSettlement_CDLI2.csv
Q92481,https://database.factgrid.de/entity/Q92481,Thêbai (mod. Thebes Beoticia Greece),,403,,,,/Users/aa/Downloads/AncientSettlement_CDLI2.csv
Q389620,https://database.factgrid.de/entity/Q389620,Kabret,,413,,,,/Users/aa/Downloads/AncientSettlement_CDLI2.csv
Q389621,https://database.factgrid.de/entity/Q389621,Suez,,427,,,,/Users/aa/Downloads/AncientSettlement_CDLI2.csv
Q389635,https://database.factgrid.de/entity/Q389635,Megiddo,,272,,,,/Users/aa/Downloads/AncientSettlement_CDLI2.csv
Q389640,https://database.factgrid.de/entity/Q389640,Timnah (mod. Khirbet Tibneh),,404,,,,/Users/aa/Downloads/AncientSettlement_CDLI2.csv
Q389658,https://database.factgrid.de/entity/Q389658,Ḫattusa (mod. Boğazkale),,171,,,,/Users/aa/Downloads/AncientSettlement_CDLI2.csv
Q389678,https://database.factgrid.de/entity/Q389678,Tell Taanach,,435,,,,/Users/aa/Downloads/AncientSettlement_CDLI2.csv
Q389687,https://database.factgrid.de/entity/Q389687,Behistun,,237,,,,/Users/aa/Downloads/AncientSettlement_CDLI2.csv
Q389721,https://database.factgrid.de/entity/Q389721,Shadad,,280,,,,/Users/aa/Downloads/AncientSettlement_CDLI2.csv
Q389744,https://database.factgrid.de/entity/Q389744,Kišesim (mod. Najafabad),,392,,,,/Users/aa/Downloads/AncientSettlement_CDLI2.csv
Q389752,https://database.factgrid.de/entity/Q389752,Gavar,,752,,,,/Users/aa/Downloads/AncientSettlement_CDLI2.csv
Q389797,https://database.factgrid.de/entity/Q389797,Ishan Hafudh,,301,,,,/Users/aa/Downloads/AncientSettlement_CDLI2.csv
Q389799,https://database.factgrid.de/entity/Q389799,Mazyad,,262,,,,/Users/aa/Downloads/AncientSettlement_CDLI2.csv
Q389800,https://database.factgrid.de/entity/Q389800,Isin (mod. Bahriyat),,303,,,,/Users/aa/Downloads/AncientSettlement_CDLI2.csv
Q389810,https://database.factgrid.de/entity/Q389810,Dawali,,277,,,,/Users/aa/Downloads/AncientSettlement_CDLI2.csv
Q389815,https://database.factgrid.de/entity/Q389815,Umm Chatil,,278,,,,/Users/aa/Downloads/AncientSettlement_CDLI2.csv
Q389819,https://database.factgrid.de/entity/Q389819,Sirara (mod. Tell Zurghul),,399,,,,/Users/aa/Downloads/AncientSettlement_CDLI2.csv
Q389823,https://database.factgrid.de/entity/Q389823,Bavian,,240,,,,/Users/aa/Downloads/AncientSettlement_CDLI2.csv
Q389836,https://database.factgrid.de/entity/Q389836,Tepe Gawra,,285,,,,/Users/aa/Downloads/AncientSettlement_CDLI2.csv
Q389855,https://database.factgrid.de/entity/Q389855,Hadidi,,248,,,,/Users/aa/Downloads/AncientSettlement_CDLI2.csv
Q389857,https://database.factgrid.de/entity/Q389857,Dilbat (mod. Deilam),,253,,,,/Users/aa/Downloads/AncientSettlement_CDLI2.csv
Q389864,https://database.factgrid.de/entity/Q389864,Burmarina (mod. Tell Shiukh Fawqani),,365,,,,/Users/aa/Downloads/AncientSettlement_CDLI2.csv
Q389867,https://database.factgrid.de/entity/Q389867,Tunip (mod. Acharneh),,405,,,,/Users/aa/Downloads/AncientSettlement_CDLI2.csv
Q389881,https://database.factgrid.de/entity/Q389881,Tell al-Hawa,,293,,,,/Users/aa/Downloads/AncientSettlement_CDLI2.csv
Q389882,https://database.factgrid.de/entity/Q389882,Gišša (mod. Umm al-Aqarib),,381,,,,/Users/aa/Downloads/AncientSettlement_CDLI2.csv
Q389889,https://database.factgrid.de/entity/Q389889,Kahat (mod. Tell Barri),,300,,,,/Users/aa/Downloads/AncientSettlement_CDLI2.csv
Q389905,https://database.factgrid.de/entity/Q389905,Tell Sifr,,167,,,,/Users/aa/Downloads/AncientSettlement_CDLI2.csv
Q389907,https://database.factgrid.de/entity/Q389907,Tall Soukās,,434,,,,/Users/aa/Downloads/AncientSettlement_CDLI2.csv
Q389934,https://database.factgrid.de/entity/Q389934,Šubat-Enlil (mod. Leilan),,289,,,,/Users/aa/Downloads/AncientSettlement_CDLI2.csv
Q389946,https://database.factgrid.de/entity/Q389946,Tell Yelkhi,,436,,,,/Users/aa/Downloads/AncientSettlement_CDLI2.csv
Q389948,https://database.factgrid.de/entity/Q389948,Kar-Tukulti-Ninurta (mod. Tulul al-ʿAqir),,234,,,,/Users/aa/Downloads/AncientSettlement_CDLI2.csv
Q389974,https://database.factgrid.de/entity/Q389974,Ras Ibn Hani,,94,,,,/Users/aa/Downloads/AncientSettlement_CDLI2.csv
Q389980,https://database.factgrid.de/entity/Q389980,Zawiyya,,271,,,,/Users/aa/Downloads/AncientSettlement_CDLI2.csv
Q389981,https://database.factgrid.de/entity/Q389981,Idu (mod. Hīt),,387,,,,/Users/aa/Downloads/AncientSettlement_CDLI2.csv
Q389984,https://database.factgrid.de/entity/Q389984,Saba'a,,308,,,,/Users/aa/Downloads/AncientSettlement_CDLI2.csv
Q389989,https://database.factgrid.de/entity/Q389989,Shir as-Sanam,,425,,,,/Users/aa/Downloads/AncientSettlement_CDLI2.csv
Q390001,https://database.factgrid.de/entity/Q390001,Assur,,205,,,,/Users/aa/Downloads/AncientSettlement_CDLI2.csv
Q390003,https://database.factgrid.de/entity/Q390003,Kilizu (mod. Qasr Shamamuk),,302,,,,/Users/aa/Downloads/AncientSettlement_CDLI2.csv
Q390005,https://database.factgrid.de/entity/Q390005,Dilmun (mod. Qal'at al-Bahrain),,377,,,,/Users/aa/Downloads/AncientSettlement_CDLI2.csv
Q390014,https://database.factgrid.de/entity/Q390014,Kish (mod. Tell el-Bender),,281,,,,/Users/aa/Downloads/AncientSettlement_CDLI2.csv
Q390014,https://database.factgrid.de/entity/Q390014,Kish (mod. Tell el-Bender),,391,,,,/Users/aa/Downloads/AncientSettlement_CDLI2.csv
Q390020,https://database.factgrid.de/entity/Q390020,Nimrud,,229,,,,/Users/aa/Downloads/AncientSettlement_CDLI2.csv
Q390024,https://database.factgrid.de/entity/Q390024,Nereb (mod. Neirab),,296,,,,/Users/aa/Downloads/AncientSettlement_CDLI2.csv
Q390025,https://database.factgrid.de/entity/Q390025,Nineveh,,86,,,,/Users/aa/Downloads/AncientSettlement_CDLI2.csv
Q390033,https://database.factgrid.de/entity/Q390033,Ortaköy,,283,,,,/Users/aa/Downloads/AncientSettlement_CDLI2.csv
Q390036,https://database.factgrid.de/entity/Q390036,Kanesh (mod. Kültepe),,291,,,,/Users/aa/Downloads/AncientSettlement_CDLI2.csv
Q390048,https://database.factgrid.de/entity/Q390048,Turlu Höyük,,441,,,,/Users/aa/Downloads/AncientSettlement_CDLI2.csv
Q390056,https://database.factgrid.de/entity/Q390056,Huzirina (mod. Sultantepe),,263,,,,/Users/aa/Downloads/AncientSettlement_CDLI2.csv
Q390159,https://database.factgrid.de/entity/Q390159,Tell Sabaa,,126,,,,/Users/aa/Downloads/AncientSettlement_CDLI2.csv
Q2074169,https://database.factgrid.de/entity/Q2074169,Abū Ṭbīrah,,678,,,,/Users/aa/Downloads/AncientSettlement_CDLI2.csv
Q2099891,https://database.factgrid.de/entity/Q2099891,Abū Jāmūs,,664,,,,/Users/aa/Downloads/AncientSettlement_CDLI2.csv
Q2099894,https://database.factgrid.de/entity/Q2099894,Adilcevaz,,659,,,,/Users/aa/Downloads/AncientSettlement_CDLI2.csv
Q2099896,https://database.factgrid.de/entity/Q2099896,Tripoli,,647,,,,/Users/aa/Downloads/AncientSettlement_CDLI2.csv
Q2099899,https://database.factgrid.de/entity/Q2099899,Āl-šarri,,445,,,,/Users/aa/Downloads/AncientSettlement_CDLI2.csv
Q2099900,https://database.factgrid.de/entity/Q2099900,Āl-šarri-ša-qašti-eššeti,,446,,,,/Users/aa/Downloads/AncientSettlement_CDLI2.csv
Q2099901,https://database.factgrid.de/entity/Q2099901,Alu-binatu,,267,,,,/Users/aa/Downloads/AncientSettlement_CDLI2.csv
Q2099902,https://database.factgrid.de/entity/Q2099902,Alu-eššu,,287,,,,/Users/aa/Downloads/AncientSettlement_CDLI2.csv
Q2099907,https://database.factgrid.de/entity/Q2099907,Apšu,,1022,,,,/Users/aa/Downloads/AncientSettlement_CDLI2.csv
Q2099909,https://database.factgrid.de/entity/Q2099909,Aqabi,,407,,,,/Users/aa/Downloads/AncientSettlement_CDLI2.csv
Q2099914,https://database.factgrid.de/entity/Q2099914,Bīt-Abī-rām,,367,,,,/Users/aa/Downloads/AncientSettlement_CDLI2.csv
Q2099922,https://database.factgrid.de/entity/Q2099922,Bīt-Našar,,370,,,,/Users/aa/Downloads/AncientSettlement_CDLI2.csv
Q2099929,https://database.factgrid.de/entity/Q2099929,Chenar-e Pain,,653,,,,/Users/aa/Downloads/AncientSettlement_CDLI2.csv
Q2099930,https://database.factgrid.de/entity/Q2099930,Chia Puikeh,,655,,,,/Users/aa/Downloads/AncientSettlement_CDLI2.csv
Q2099931,https://database.factgrid.de/entity/Q2099931,Du-Enlila,,378,,,,/Users/aa/Downloads/AncientSettlement_CDLI2.csv
Q2099935,https://database.factgrid.de/entity/Q2099935,Elammu,,258,,,,/Users/aa/Downloads/AncientSettlement_CDLI2.csv
Q2099937,https://database.factgrid.de/entity/Q2099937,Eskiharran,,738,,,,/Users/aa/Downloads/AncientSettlement_CDLI2.csv
Q2099944,https://database.factgrid.de/entity/Q2099944,Ḫadiranu-ša-Nabu,,274,,,,/Users/aa/Downloads/AncientSettlement_CDLI2.csv
Q2099946,https://database.factgrid.de/entity/Q2099946,Hamat,,383,,,,/Users/aa/Downloads/AncientSettlement_CDLI2.csv
Q2099948,https://database.factgrid.de/entity/Q2099948,Hazatu,,385,,,,/Users/aa/Downloads/AncientSettlement_CDLI2.csv
Q2099950,https://database.factgrid.de/entity/Q2099950,Himuru,,386,,,,/Users/aa/Downloads/AncientSettlement_CDLI2.csv
Q2099951,https://database.factgrid.de/entity/Q2099951,Hisartepe,,724,,,,/Users/aa/Downloads/AncientSettlement_CDLI2.csv
Q2099952,https://database.factgrid.de/entity/Q2099952,Hour Soleiman,,654,,,,/Users/aa/Downloads/AncientSettlement_CDLI2.csv
Q2099955,https://database.factgrid.de/entity/Q2099955,Idfū,,736,,,,/Users/aa/Downloads/AncientSettlement_CDLI2.csv
Q2099957,https://database.factgrid.de/entity/Q2099957,Irákleio,,718,,,,/Users/aa/Downloads/AncientSettlement_CDLI2.csv
Q2099963,https://database.factgrid.de/entity/Q2099963,Kašši...,,388,,,,/Users/aa/Downloads/AncientSettlement_CDLI2.csv
Q2099972,https://database.factgrid.de/entity/Q2099972,Ma'allanate,,393,,,,/Users/aa/Downloads/AncientSettlement_CDLI2.csv
Q2099983,https://database.factgrid.de/entity/Q2099983,Qāṭīnu,,397,,,,/Users/aa/Downloads/AncientSettlement_CDLI2.csv
Q2099988,https://database.factgrid.de/entity/Q2099988,Šaḫrinu,,87,,,,/Users/aa/Downloads/AncientSettlement_CDLI2.csv
Q2099993,https://database.factgrid.de/entity/Q2099993,Šuppatu,,1019,,,,/Users/aa/Downloads/AncientSettlement_CDLI2.csv
Q2099998,https://database.factgrid.de/entity/Q2099998,Tag,,617,,,,/Users/aa/Downloads/AncientSettlement_CDLI2.csv
Q2099999,https://database.factgrid.de/entity/Q2099999,Tall Abū al-Dhahab,,658,,,,/Users/aa/Downloads/AncientSettlement_CDLI2.csv
Q2100000,https://database.factgrid.de/entity/Q2100000,Tall Āfis,,661,,,,/Users/aa/Downloads/AncientSettlement_CDLI2.csv
Q2100001,https://database.factgrid.de/entity/Q2100001,Tall al-Ḍabʻa,,722,,,,/Users/aa/Downloads/AncientSettlement_CDLI2.csv
Q2100004,https://database.factgrid.de/entity/Q2100004,Tall al-Qaddīsah Barbārah,,634,,,,/Users/aa/Downloads/AncientSettlement_CDLI2.csv
Q2100005,https://database.factgrid.de/entity/Q2100005,Tall Bāzy,,692,,,,/Users/aa/Downloads/AncientSettlement_CDLI2.csv
Q2100006,https://database.factgrid.de/entity/Q2100006,Tall Bint al-Amīr,,685,,,,/Users/aa/Downloads/AncientSettlement_CDLI2.csv
Q2100007,https://database.factgrid.de/entity/Q2100007,Tall Ḥadwat al-Faras,,766,,,,/Users/aa/Downloads/AncientSettlement_CDLI2.csv
Q2100012,https://database.factgrid.de/entity/Q2100012,Tall-I Nokhodi,,649,,,,/Users/aa/Downloads/AncientSettlement_CDLI2.csv
Q2100015,https://database.factgrid.de/entity/Q2100015,Tel Hebron,,771,,,,/Users/aa/Downloads/AncientSettlement_CDLI2.csv
Q2100016,https://database.factgrid.de/entity/Q2100016,Tell Abu Galgal,,645,,,,/Users/aa/Downloads/AncientSettlement_CDLI2.csv
Q2100018,https://database.factgrid.de/entity/Q2100018,Tell Bāshir,,650,,,,/Users/aa/Downloads/AncientSettlement_CDLI2.csv
Q2100020,https://database.factgrid.de/entity/Q2100020,Tell Kar,,641,,,,/Users/aa/Downloads/AncientSettlement_CDLI2.csv
Q2100028,https://database.factgrid.de/entity/Q2100028,Tulūl al-Fāj,,660,,,,/Users/aa/Downloads/AncientSettlement_CDLI2.csv
Q2100029,https://database.factgrid.de/entity/Q2100029,Tulūl al-Khāldiyah,,949,,,,/Users/aa/Downloads/AncientSettlement_CDLI2.csv
Q2100030,https://database.factgrid.de/entity/Q2100030,Tulūl Bismāyah,,706,,,,/Users/aa/Downloads/AncientSettlement_CDLI2.csv
Q2100037,https://database.factgrid.de/entity/Q2100037,Yāhūdu,,406,,,,/Users/aa/Downloads/AncientSettlement_CDLI2.csv
Q2100042,https://database.factgrid.de/entity/Q2100042,Ηeraio Samou,,780,,,,/Users/aa/Downloads/AncientSettlement_CDLI2.csv
Q86331,https://database.factgrid.de/entity/Q86331,Hillah,,53,,,,/Users/aa/Downloads/AncientSettlement_CDLI2.csv
Q91165,https://database.factgrid.de/entity/Q91165,Samarra,,282,,,,/Users/aa/Downloads/AncientSettlement_CDLI2.csv
Q389603,https://database.factgrid.de/entity/Q389603,Adab (mod. Bismaya),,252,,,,/Users/aa/Downloads/AncientSettlement_CDLI2.csv
Q389604,https://database.factgrid.de/entity/Q389604,Kourion (mod. Cyprus),,375,,,,/Users/aa/Downloads/AncientSettlement_CDLI2.csv
Q389605,https://database.factgrid.de/entity/Q389605,Lacarna,,417,,,,/Users/aa/Downloads/AncientSettlement_CDLI2.csv
Q389607,https://database.factgrid.de/entity/Q389607,"Abdju (mod. Abydos, Egypt)",,104,,,,/Users/aa/Downloads/AncientSettlement_CDLI2.csv
Q389609,https://database.factgrid.de/entity/Q389609,El-Khargeh,,409,,,,/Users/aa/Downloads/AncientSettlement_CDLI2.csv
Q389613,https://database.factgrid.de/entity/Q389613,Tell el-Maskuta,,438,,,,/Users/aa/Downloads/AncientSettlement_CDLI2.csv
Q389645,https://database.factgrid.de/entity/Q389645,Tell el-Hesi,,437,,,,/Users/aa/Downloads/AncientSettlement_CDLI2.csv
Q389649,https://database.factgrid.de/entity/Q389649,Tas-Silg,,259,,,,/Users/aa/Downloads/AncientSettlement_CDLI2.csv
Q389650,https://database.factgrid.de/entity/Q389650,Gherla,,412,,,,/Users/aa/Downloads/AncientSettlement_CDLI2.csv
Q389651,https://database.factgrid.de/entity/Q389651,Samerina (mod. Samaria),,398,,,,/Users/aa/Downloads/AncientSettlement_CDLI2.csv
Q389653,https://database.factgrid.de/entity/Q389653,Halicarnassus,,382,,,,/Users/aa/Downloads/AncientSettlement_CDLI2.csv
Q389673,https://database.factgrid.de/entity/Q389673,Zippori,,307,,,,/Users/aa/Downloads/AncientSettlement_CDLI2.csv
Q389697,https://database.factgrid.de/entity/Q389697,Tepe Yahya,,67,,,,/Users/aa/Downloads/AncientSettlement_CDLI2.csv
Q389698,https://database.factgrid.de/entity/Q389698,Pārśa (mod. Persepolis),,92,,,,/Users/aa/Downloads/AncientSettlement_CDLI2.csv
Q389703,https://database.factgrid.de/entity/Q389703,Tangivar,,429,,,,/Users/aa/Downloads/AncientSettlement_CDLI2.csv
Q389709,https://database.factgrid.de/entity/Q389709,Dur-Untaš (mod. Chogha Zanbil),,109,,,,/Users/aa/Downloads/AncientSettlement_CDLI2.csv
Q389713,https://database.factgrid.de/entity/Q389713,Deh-e No,,206,,,,/Users/aa/Downloads/AncientSettlement_CDLI2.csv
Q389733,https://database.factgrid.de/entity/Q389733,Cave Kalm-karra,,65,,,,/Users/aa/Downloads/AncientSettlement_CDLI2.csv
Q389737,https://database.factgrid.de/entity/Q389737,mod. Mount Elvend,,420,,,,/Users/aa/Downloads/AncientSettlement_CDLI2.csv
Q389738,https://database.factgrid.de/entity/Q389738,Godin Tepe,,97,,,,/Users/aa/Downloads/AncientSettlement_CDLI2.csv
Q389748,https://database.factgrid.de/entity/Q389748,Armavir,,735,,,,/Users/aa/Downloads/AncientSettlement_CDLI2.csv
Q389773,https://database.factgrid.de/entity/Q389773,Tall al-Farḥa,,428,,,,/Users/aa/Downloads/AncientSettlement_CDLI2.csv
Q389789,https://database.factgrid.de/entity/Q389789,Ḫadatu (mod. Arslan Tash),,35,,,,/Users/aa/Downloads/AncientSettlement_CDLI2.csv
Q389801,https://database.factgrid.de/entity/Q389801,Ishān Dulaiyhim,,730,,,,/Users/aa/Downloads/AncientSettlement_CDLI2.csv
Q389803,https://database.factgrid.de/entity/Q389803,Tell Abu-Maria,,185,,,,/Users/aa/Downloads/AncientSettlement_CDLI2.csv
Q389804,https://database.factgrid.de/entity/Q389804,Šibaniba (mod. Tell Billa),,526,,,,/Users/aa/Downloads/AncientSettlement_CDLI2.csv
Q389812,https://database.factgrid.de/entity/Q389812,Sela,,424,,,,/Users/aa/Downloads/AncientSettlement_CDLI2.csv
Q389814,https://database.factgrid.de/entity/Q389814,Dharan,,106,,,,/Users/aa/Downloads/AncientSettlement_CDLI2.csv
Q389824,https://database.factgrid.de/entity/Q389824,Bardi Sanjian Bitwata,,108,,,,/Users/aa/Downloads/AncientSettlement_CDLI2.csv
Q389825,https://database.factgrid.de/entity/Q389825,Borsippa (mod. Birs Nimrud),,83,,,,/Users/aa/Downloads/AncientSettlement_CDLI2.csv
Q389826,https://database.factgrid.de/entity/Q389826,Brissa,,408,,,,/Users/aa/Downloads/AncientSettlement_CDLI2.csv
Q389830,https://database.factgrid.de/entity/Q389830,Beisan,,231,,,,/Users/aa/Downloads/AncientSettlement_CDLI2.csv
Q389832,https://database.factgrid.de/entity/Q389832,Girsu (mod. Tello),,88,,,,/Users/aa/Downloads/AncientSettlement_CDLI2.csv
Q389834,https://database.factgrid.de/entity/Q389834,Tappeh Bormi,,77,,,,/Users/aa/Downloads/AncientSettlement_CDLI2.csv
Q389839,https://database.factgrid.de/entity/Q389839,Tikrit,,183,,,,/Users/aa/Downloads/AncientSettlement_CDLI2.csv
Q389842,https://database.factgrid.de/entity/Q389842,Pašime (mod. Tell Abu Sheeja),,396,,,,/Users/aa/Downloads/AncientSettlement_CDLI2.csv
Q389852,https://database.factgrid.de/entity/Q389852,Tell Agrab,,102,,,,/Users/aa/Downloads/AncientSettlement_CDLI2.csv
Q389861,https://database.factgrid.de/entity/Q389861,Tell As-Sib,,75,,,,/Users/aa/Downloads/AncientSettlement_CDLI2.csv
Q389866,https://database.factgrid.de/entity/Q389866,Tell Ubaid,,226,,,,/Users/aa/Downloads/AncientSettlement_CDLI2.csv
Q389887,https://database.factgrid.de/entity/Q389887,Tell Baradan,,431,,,,/Users/aa/Downloads/AncientSettlement_CDLI2.csv
Q389892,https://database.factgrid.de/entity/Q389892,Tell Jidr,,318,,,,/Users/aa/Downloads/AncientSettlement_CDLI2.csv
Q389895,https://database.factgrid.de/entity/Q389895,Shaduppum,,96,,,,/Users/aa/Downloads/AncientSettlement_CDLI2.csv
Q389901,https://database.factgrid.de/entity/Q389901,Tell Huweish,,95,,,,/Users/aa/Downloads/AncientSettlement_CDLI2.csv
Q389903,https://database.factgrid.de/entity/Q389903,Puzriš-Dagan (mod. Drehem),,160,,,,/Users/aa/Downloads/AncientSettlement_CDLI2.csv
Q389915,https://database.factgrid.de/entity/Q389915,Tell Taban,,34,,,,/Users/aa/Downloads/AncientSettlement_CDLI2.csv
Q389916,https://database.factgrid.de/entity/Q389916,Unqi,,90,,,,/Users/aa/Downloads/AncientSettlement_CDLI2.csv
Q389918,https://database.factgrid.de/entity/Q389918,Tell Abta,,257,,,,/Users/aa/Downloads/AncientSettlement_CDLI2.csv
Q389920,https://database.factgrid.de/entity/Q389920,Šaddikanni (mod. Tell Ajaja),,118,,,,/Users/aa/Downloads/AncientSettlement_CDLI2.csv
Q389926,https://database.factgrid.de/entity/Q389926,Tell Ghdairife,,295,,,,/Users/aa/Downloads/AncientSettlement_CDLI2.csv
Q389927,https://database.factgrid.de/entity/Q389927,Šuruppak (mod. Fara),,54,,,,/Users/aa/Downloads/AncientSettlement_CDLI2.csv
Q389938,https://database.factgrid.de/entity/Q389938,Ebla (mod. Tell Mardikh),,79,,,,/Users/aa/Downloads/AncientSettlement_CDLI2.csv
Q389952,https://database.factgrid.de/entity/Q389952,Tema (mod. Tayma),,402,,,,/Users/aa/Downloads/AncientSettlement_CDLI2.csv
Q389967,https://database.factgrid.de/entity/Q389967,Haradum (mod. Khirbet ed-Diniye),,276,,,,/Users/aa/Downloads/AncientSettlement_CDLI2.csv
Q389969,https://database.factgrid.de/entity/Q389969,Dur-Šarrukin (mod. Khorsabad),,290,,,,/Users/aa/Downloads/AncientSettlement_CDLI2.csv
Q389970,https://database.factgrid.de/entity/Q389970,Dibba,,729,,,,/Users/aa/Downloads/AncientSettlement_CDLI2.csv
Q389972,https://database.factgrid.de/entity/Q389972,Dohuk,,164,,,,/Users/aa/Downloads/AncientSettlement_CDLI2.csv
Q389985,https://database.factgrid.de/entity/Q389985,Failaka,,410,,,,/Users/aa/Downloads/AncientSettlement_CDLI2.csv
Q389990,https://database.factgrid.de/entity/Q389990,Shishin,,444,,,,/Users/aa/Downloads/AncientSettlement_CDLI2.csv
Q389996,https://database.factgrid.de/entity/Q389996,Tuz Hurmati,,89,,,,/Users/aa/Downloads/AncientSettlement_CDLI2.csv
Q390014,https://database.factgrid.de/entity/Q390014,Kish (mod. Tell el-Bender),,184,,,,/Users/aa/Downloads/AncientSettlement_CDLI2.csv
Q390020,https://database.factgrid.de/entity/Q390020,Nimrud,,81,,,,/Users/aa/Downloads/AncientSettlement_CDLI2.csv
Q390023,https://database.factgrid.de/entity/Q390023,Nahr el-Kelb,,292,,,,/Users/aa/Downloads/AncientSettlement_CDLI2.csv
Q390025,https://database.factgrid.de/entity/Q390025,Nineveh,,279,,,,/Users/aa/Downloads/AncientSettlement_CDLI2.csv
Q390041,https://database.factgrid.de/entity/Q390041,Tilmen Höyük,,440,,,,/Users/aa/Downloads/AncientSettlement_CDLI2.csv
Q390142,https://database.factgrid.de/entity/Q390142,Erek Daǧ,,742,,,,/Users/aa/Downloads/AncientSettlement_CDLI2.csv
Q390165,https://database.factgrid.de/entity/Q390165,Ozbaki,,64,,,,/Users/aa/Downloads/AncientSettlement_CDLI2.csv
Q2099897,https://database.factgrid.de/entity/Q2099897,Äl-Mušēzib-Marduk,,1024,,,,/Users/aa/Downloads/AncientSettlement_CDLI2.csv
Q2099903,https://database.factgrid.de/entity/Q2099903,Ālu-ša-Našar,,447,,,,/Users/aa/Downloads/AncientSettlement_CDLI2.csv
Q2099905,https://database.factgrid.de/entity/Q2099905,Ālu-ša-Ṭūb-Yāma,,448,,,,/Users/aa/Downloads/AncientSettlement_CDLI2.csv
Q2099908,https://database.factgrid.de/entity/Q2099908,Aqa,,57,,,,/Users/aa/Downloads/AncientSettlement_CDLI2.csv
Q2099910,https://database.factgrid.de/entity/Q2099910,Arinçkus,,673,,,,/Users/aa/Downloads/AncientSettlement_CDLI2.csv
Q2099912,https://database.factgrid.de/entity/Q2099912,Bāb-ṣubbāti,,366,,,,/Users/aa/Downloads/AncientSettlement_CDLI2.csv
Q2099913,https://database.factgrid.de/entity/Q2099913,Baḫe,,316,,,,/Users/aa/Downloads/AncientSettlement_CDLI2.csv
Q2099924,https://database.factgrid.de/entity/Q2099924,Bit-Šaḫṭu,,197,,,,/Users/aa/Downloads/AncientSettlement_CDLI2.csv
Q2099936,https://database.factgrid.de/entity/Q2099936,Epurasie,,80,,,,/Users/aa/Downloads/AncientSettlement_CDLI2.csv
Q2099940,https://database.factgrid.de/entity/Q2099940,GARIN-naḫallum,,41,,,,/Users/aa/Downloads/AncientSettlement_CDLI2.csv
Q2099942,https://database.factgrid.de/entity/Q2099942,Gišši,,103,,,,/Users/aa/Downloads/AncientSettlement_CDLI2.csv
Q2099943,https://database.factgrid.de/entity/Q2099943,Gur-e Sefid,,1015,,,,/Users/aa/Downloads/AncientSettlement_CDLI2.csv
Q2099959,https://database.factgrid.de/entity/Q2099959,Kapri-ša-naqidati,,182,,,,/Users/aa/Downloads/AncientSettlement_CDLI2.csv
Q2099964,https://database.factgrid.de/entity/Q2099964,Kazallu,,193,,,,/Users/aa/Downloads/AncientSettlement_CDLI2.csv
Q2099965,https://database.factgrid.de/entity/Q2099965,Kerman,,614,,,,/Users/aa/Downloads/AncientSettlement_CDLI2.csv
Q2099967,https://database.factgrid.de/entity/Q2099967,Kūm Dafnah,,725,,,,/Users/aa/Downloads/AncientSettlement_CDLI2.csv
Q2099970,https://database.factgrid.de/entity/Q2099970,Lahir,,9,,,,/Users/aa/Downloads/AncientSettlement_CDLI2.csv
Q2099971,https://database.factgrid.de/entity/Q2099971,Lchashen,,843,,,,/Users/aa/Downloads/AncientSettlement_CDLI2.csv
Q2099974,https://database.factgrid.de/entity/Q2099974,Mahmudiyah,,418,,,,/Users/aa/Downloads/AncientSettlement_CDLI2.csv
Q2099975,https://database.factgrid.de/entity/Q2099975,Merj Khamis,,419,,,,/Users/aa/Downloads/AncientSettlement_CDLI2.csv
Q2099985,https://database.factgrid.de/entity/Q2099985,Qufṭ,,906,,,,/Users/aa/Downloads/AncientSettlement_CDLI2.csv
Q2099987,https://database.factgrid.de/entity/Q2099987,Sagub,,255,,,,/Users/aa/Downloads/AncientSettlement_CDLI2.csv
Q2099990,https://database.factgrid.de/entity/Q2099990,Ṣan al-Hagar,,950,,,,/Users/aa/Downloads/AncientSettlement_CDLI2.csv
Q2099996,https://database.factgrid.de/entity/Q2099996,Šūru,,644,,,,/Users/aa/Downloads/AncientSettlement_CDLI2.csv
Q2100017,https://database.factgrid.de/entity/Q2100017,Tell Abu Nakhlab,,8,,,,/Users/aa/Downloads/AncientSettlement_CDLI2.csv
Q2100019,https://database.factgrid.de/entity/Q2100019,Tell Basmaya,,1012,,,,/Users/aa/Downloads/AncientSettlement_CDLI2.csv
Q2100027,https://database.factgrid.de/entity/Q2100027,Tulūl Abū ‘Aẓam,,945,,,,/Users/aa/Downloads/AncientSettlement_CDLI2.csv
Q2100035,https://database.factgrid.de/entity/Q2100035,Uluburun,,442,,,,/Users/aa/Downloads/AncientSettlement_CDLI2.csv
Q2100039,https://database.factgrid.de/entity/Q2100039,Yanik Tepe,,638,,,,/Users/aa/Downloads/AncientSettlement_CDLI2.csv
Q2100040,https://database.factgrid.de/entity/Q2100040,Yorgan Tepe,,222,,,,/Users/aa/Downloads/AncientSettlement_CDLI2.csv
Q2100041,https://database.factgrid.de/entity/Q2100041,Za'aleh,,122,,,,/Users/aa/Downloads/AncientSettlement_CDLI2.csv
Q389662,https://database.factgrid.de/entity/Q389662,Tarsus,,758,,,,/Users/aa/Downloads/AncientSettlement_CDLI2.csv
Q389932,https://database.factgrid.de/entity/Q389932,Tall Kazal,,841,,,,/Users/aa/Downloads/AncientSettlement_CDLI2.csv
Q390008,https://database.factgrid.de/entity/Q390008,Kāmid al-Lūz,,798,,,,/Users/aa/Downloads/AncientSettlement_CDLI2.csv
Q390014,https://database.factgrid.de/entity/Q390014,Kish (mod. Tell el-Bender),,833,,,,/Users/aa/Downloads/AncientSettlement_CDLI2.csv
Q390025,https://database.factgrid.de/entity/Q390025,Nineveh,,881,,,,/Users/aa/Downloads/AncientSettlement_CDLI2.csv
Q390038,https://database.factgrid.de/entity/Q390038,Kayalıpınar,,800,,,,/Users/aa/Downloads/AncientSettlement_CDLI2.csv
Q2099898,https://database.factgrid.de/entity/Q2099898,Al-Rammāḥīyah,,911,,,,/Users/aa/Downloads/AncientSettlement_CDLI2.csv
Q2099916,https://database.factgrid.de/entity/Q2099916,Bit-bari,,1008,,,,/Users/aa/Downloads/AncientSettlement_CDLI2.csv
Q2099918,https://database.factgrid.de/entity/Q2099918,Bīt-Ḫaḫḫūru,,1020,,,,/Users/aa/Downloads/AncientSettlement_CDLI2.csv
Q2099921,https://database.factgrid.de/entity/Q2099921,Bit-kunanu,,1007,,,,/Users/aa/Downloads/AncientSettlement_CDLI2.csv
Q2099928,https://database.factgrid.de/entity/Q2099928,Chamchamal,,1011,,,,/Users/aa/Downloads/AncientSettlement_CDLI2.csv
Q2099934,https://database.factgrid.de/entity/Q2099934,El Geraineh,,1021,,,,/Users/aa/Downloads/AncientSettlement_CDLI2.csv
Q2099939,https://database.factgrid.de/entity/Q2099939,Galgameš,,1006,,,,/Users/aa/Downloads/AncientSettlement_CDLI2.csv
Q2099945,https://database.factgrid.de/entity/Q2099945,Haikavank,,770,,,,/Users/aa/Downloads/AncientSettlement_CDLI2.csv
Q2099947,https://database.factgrid.de/entity/Q2099947,Haṭru,,1009,,,,/Users/aa/Downloads/AncientSettlement_CDLI2.csv
Q2099956,https://database.factgrid.de/entity/Q2099956,İnandık,,789,,,,/Users/aa/Downloads/AncientSettlement_CDLI2.csv
Q2099958,https://database.factgrid.de/entity/Q2099958,Īzah,,790,,,,/Users/aa/Downloads/AncientSettlement_CDLI2.csv
Q2099966,https://database.factgrid.de/entity/Q2099966,Kocapınar,,976,,,,/Users/aa/Downloads/AncientSettlement_CDLI2.csv
Q2099980,https://database.factgrid.de/entity/Q2099980,Petronell-Carnuntum,,1014,,,,/Users/aa/Downloads/AncientSettlement_CDLI2.csv
Q2099981,https://database.factgrid.de/entity/Q2099981,Qantīr,,903,,,,/Users/aa/Downloads/AncientSettlement_CDLI2.csv
Q2099986,https://database.factgrid.de/entity/Q2099986,Quwakh Tapeh,,1023,,,,/Users/aa/Downloads/AncientSettlement_CDLI2.csv
Q2099989,https://database.factgrid.de/entity/Q2099989,Saḫrītu,,1018,,,,/Users/aa/Downloads/AncientSettlement_CDLI2.csv
Q2099992,https://database.factgrid.de/entity/Q2099992,Shapiya,,924,,,,/Users/aa/Downloads/AncientSettlement_CDLI2.csv
Q2099997,https://database.factgrid.de/entity/Q2099997,Šušan,,1017,,,,/Users/aa/Downloads/AncientSettlement_CDLI2.csv
Q2100002,https://database.factgrid.de/entity/Q2100002,Tall al-Gharrān,,753,,,,/Users/aa/Downloads/AncientSettlement_CDLI2.csv
Q2100003,https://database.factgrid.de/entity/Q2100003,Tall al-Nabī Mandū,,899,,,,/Users/aa/Downloads/AncientSettlement_CDLI2.csv
Q2100008,https://database.factgrid.de/entity/Q2100008,Tall Kozkhān,,827,,,,/Users/aa/Downloads/AncientSettlement_CDLI2.csv
Q2100009,https://database.factgrid.de/entity/Q2100009,Tall Nūyaja,,874,,,,/Users/aa/Downloads/AncientSettlement_CDLI2.csv
Q2100010,https://database.factgrid.de/entity/Q2100010,Tall S‘aīd,,915,,,,/Users/aa/Downloads/AncientSettlement_CDLI2.csv
Q2100011,https://database.factgrid.de/entity/Q2100011,Tall Warīsh,,996,,,,/Users/aa/Downloads/AncientSettlement_CDLI2.csv
Q2100013,https://database.factgrid.de/entity/Q2100013,Tel Duweihes,,960,,,,/Users/aa/Downloads/AncientSettlement_CDLI2.csv
Q2100014,https://database.factgrid.de/entity/Q2100014,Tel Gamma,,793,,,,/Users/aa/Downloads/AncientSettlement_CDLI2.csv
Q2100022,https://database.factgrid.de/entity/Q2100022,Tell Kirbāsi,,1010,,,,/Users/aa/Downloads/AncientSettlement_CDLI2.csv
Q2100024,https://database.factgrid.de/entity/Q2100024,Tiryntha,,967,,,,/Users/aa/Downloads/AncientSettlement_CDLI2.csv
Q2100025,https://database.factgrid.de/entity/Q2100025,Ṭūd,,975,,,,/Users/aa/Downloads/AncientSettlement_CDLI2.csv
Q2100026,https://database.factgrid.de/entity/Q2100026,Tulūl ‘Adāy,,946,,,,/Users/aa/Downloads/AncientSettlement_CDLI2.csv
Q2100031,https://database.factgrid.de/entity/Q2100031,Tulūl Kubībah,,1016,,,,/Users/aa/Downloads/AncientSettlement_CDLI2.csv
Q2100036,https://database.factgrid.de/entity/Q2100036,Uluşar,,825,,,,/Users/aa/Downloads/AncientSettlement_CDLI2.csv
Q2100038,https://database.factgrid.de/entity/Q2100038,Yalındüz,,951,,,,/Users/aa/Downloads/AncientSettlement_CDLI2.csv
Q2100043,https://database.factgrid.de/entity/Q2100043,Новый Кумак,,880,,,,/Users/aa/Downloads/AncientSettlement_CDLI2.csv
