Len,Aen,,Aen,FG-Q,P2_1,P2_2,P694,P48,P131_1,P131_2
Abū Jāmūs,mod. Abū Jāmūs,,uncertain (mod. Abū Jāmūs),,Q8,Q389596,https://cdli.mpiwg-berlin.mpg.de/proveniences/664,,Q389597,Q393513
Abu Sêcher,mod. Abu Sêcher,,uncertain (mod. Abu Sêcher),,Q8,Q389596,https://cdli.mpiwg-berlin.mpg.de/proveniences/123,,Q389597,Q393513
Adabilu,,,Adabilu (mod. uncertain),,Q8,Q389596,https://cdli.mpiwg-berlin.mpg.de/proveniences/362,,Q389597,Q393513
Adilcevaz,mod. Adilcevaz,,uncertain (mod. Adilcevaz),,Q8,Q389596,https://cdli.mpiwg-berlin.mpg.de/proveniences/659,,Q389597,Q393513
Agamatanu,,,Agamatanu (mod. uncertain),,Q8,Q389596,https://cdli.mpiwg-berlin.mpg.de/proveniences/56,,Q389597,Q393513
Tripoli,mod. Al Mina,,Tripoli (mod. Al Mina),,Q8,Q389596,https://cdli.mpiwg-berlin.mpg.de/proveniences/647,,Q389597,Q393513
Äl-Mušēzib-Marduk,mod. Äl-Mušēzib-Marduk,,uncertain (mod. Äl-Mušēzib-Marduk),,Q8,Q389596,https://cdli.mpiwg-berlin.mpg.de/proveniences/1024,,Q389597,Q393513
Al-Rammāḥīyah,mod. Al-Rammāḥīyah,,uncertain (mod. Al-Rammāḥīyah),,Q8,Q389596,https://cdli.mpiwg-berlin.mpg.de/proveniences/911,,Q389597,Q393513
Āl-šarri,,,Āl-šarri (mod. uncertain),,Q8,Q389596,https://cdli.mpiwg-berlin.mpg.de/proveniences/445,,Q389597,Q393513
Āl-šarri-ša-qašti-eššeti,Āl-šarri-ša-qašti-eššeti,,Āl-šarri-ša-qašti-eššeti (mod. uncertain),,Q8,Q389596,https://cdli.mpiwg-berlin.mpg.de/proveniences/446,,Q389597,Q393513
Alu-binatu,Alu-binatu,,Alu-binatu (mod. uncertain),,Q8,Q389596,https://cdli.mpiwg-berlin.mpg.de/proveniences/267,,Q389597,Q393513
Alu-eššu,Alu-eššu,,Alu-eššu (mod. uncertain),,Q8,Q389596,https://cdli.mpiwg-berlin.mpg.de/proveniences/287,,Q389597,Q393513
Ālu-ša-Našar,Ālu-ša-Našar,,Ālu-ša-Našar (mod. uncertain),,Q8,Q389596,https://cdli.mpiwg-berlin.mpg.de/proveniences/447,,Q389597,Q393513
Alu-ša-šuma-ukin,Alu-ša-šuma-ukin,,Alu-ša-šuma-ukin (mod. uncertain),,Q8,Q389596,https://cdli.mpiwg-berlin.mpg.de/proveniences/203,,Q389597,Q393513
Ālu-ša-Ṭūb-Yāma,Ālu-ša-Ṭūb-Yāma,,Ālu-ša-Ṭūb-Yāma (mod. uncertain),,Q8,Q389596,https://cdli.mpiwg-berlin.mpg.de/proveniences/448,,Q389597,Q393513
Alu-šabtu,Alu-šabtu,,Alu-šabtu (mod. uncertain),,Q8,Q389596,https://cdli.mpiwg-berlin.mpg.de/proveniences/239,,Q389597,Q393513
Apšu,Apšu,,Apšu (mod. uncertain),,Q8,Q389596,https://cdli.mpiwg-berlin.mpg.de/proveniences/1022,,Q389597,Q393513
Aqa,Aqa,,Aqa (mod. uncertain),,Q8,Q389596,https://cdli.mpiwg-berlin.mpg.de/proveniences/57,,Q389597,Q393513
Aqabi,mod. Aqabi),,uncertain (mod. Aqabi),,Q8,Q389596,https://cdli.mpiwg-berlin.mpg.de/proveniences/407,,Q389597,Q393513
Arinçkus,Arzaškun (mod. Arinçkus),,Arzaškun (mod. Arinçkus),,Q8,Q389596,https://cdli.mpiwg-berlin.mpg.de/proveniences/673,,Q389597,Q393513
Ba-milkišu,Ba-milkišu,,Ba-milkišu (mod. uncertain),,Q8,Q389596,https://cdli.mpiwg-berlin.mpg.de/proveniences/17,,Q389597,Q393513
Bāb-ṣubbāti,Bāb-ṣubbāti,,Bāb-ṣubbāti (mod. uncertain),,Q8,Q389596,https://cdli.mpiwg-berlin.mpg.de/proveniences/366,,Q389597,Q393513
Baḫe,Baḫe,,Baḫe (mod. uncertain),,Q8,Q389596,https://cdli.mpiwg-berlin.mpg.de/proveniences/316,,Q389597,Q393513
Bīt-Abī-rām,Bīt-Abī-rām,,Bīt-Abī-rām (mod. uncertain),,Q8,Q389596,https://cdli.mpiwg-berlin.mpg.de/proveniences/367,,Q389597,Q393513
Bit-ali-...,Bit-ali-...,,Bit-ali-... (mod. uncertain),,Q8,Q389596,https://cdli.mpiwg-berlin.mpg.de/proveniences/127,,Q389597,Q393513
Bīt-Bāba-ēriš,Bīt-Bāba-ēriš,,Bīt-Bāba-ēriš (mod. uncertain),,Q8,Q389596,https://cdli.mpiwg-berlin.mpg.de/proveniences/368,,Q389597,Q393513
Bit-bari,Bit-bari,,Bit-bari (mod. uncertain),,Q8,Q389596,https://cdli.mpiwg-berlin.mpg.de/proveniences/1008,,Q389597,Q393513
Bīt-Dibušiti,Bīt-Dibušiti,,Bīt-Dibušiti (mod. uncertain),,Q8,Q389596,https://cdli.mpiwg-berlin.mpg.de/proveniences/369,,Q389597,Q393513
Bīt-Ḫaḫḫūru,Bīt-Ḫaḫḫūru,,Bīt-Ḫaḫḫūru (mod. uncertain),,Q8,Q389596,https://cdli.mpiwg-berlin.mpg.de/proveniences/1020,,Q389597,Q393513
Bīt-ham...,Bīt-ham...,,Bīt-ham... (mod. uncertain),,Q8,Q389596,https://cdli.mpiwg-berlin.mpg.de/proveniences/372,,Q389597,Q393513
Bit-ḫulummu,Bit-ḫulummu,,Bit-ḫulummu (mod. uncertain),,Q8,Q389596,https://cdli.mpiwg-berlin.mpg.de/proveniences/236,,Q389597,Q393513
Bit-kunanu,Bit-kunanu,,Bit-kunanu (mod. uncertain),,Q8,Q389596,https://cdli.mpiwg-berlin.mpg.de/proveniences/1007,,Q389597,Q393513
Bīt-Našar,Bīt-Našar,,Bīt-Našar (mod. uncertain),,Q8,Q389596,https://cdli.mpiwg-berlin.mpg.de/proveniences/370,,Q389597,Q393513
Bīt-Naʾinnašu,Bīt-Naʾinnašu,,Bīt-Naʾinnašu (mod. uncertain),,Q8,Q389596,https://cdli.mpiwg-berlin.mpg.de/proveniences/371,,Q389597,Q393513
Bit-Šaḫṭu,Bit-Šaḫṭu,,Bit-Šaḫṭu (mod. uncertain),,Q8,Q389596,https://cdli.mpiwg-berlin.mpg.de/proveniences/197,,Q389597,Q393513
Bīt-Šinqā,Bīt-Šinqā,,Bīt-Šinqā (mod. uncertain),,Q8,Q389596,https://cdli.mpiwg-berlin.mpg.de/proveniences/373,,Q389597,Q393513
Bit-ṭab-bel,Bit-ṭab-bel,,Bit-ṭab-bel (mod. uncertain),,Q8,Q389596,https://cdli.mpiwg-berlin.mpg.de/proveniences/125,,Q389597,Q393513
Bit-zerija,Bit-zerija,,Bit-zerija (mod. uncertain),,Q8,Q389596,https://cdli.mpiwg-berlin.mpg.de/proveniences/31,,Q389597,Q393513
Chamchamal,mod. Chamchamal),,uncertain (mod. Chamchamal),,Q8,Q389596,https://cdli.mpiwg-berlin.mpg.de/proveniences/1011,,Q389597,Q393513
Chenar-e Pain,mod. Chenar-e Pain),,uncertain (mod. Chenar-e Pain),,Q8,Q389596,https://cdli.mpiwg-berlin.mpg.de/proveniences/653,,Q389597,Q393513
Chia Puikeh,mod. Chia Puikeh),,uncertain (mod. Chia Puikeh),,Q8,Q389596,https://cdli.mpiwg-berlin.mpg.de/proveniences/655,,Q389597,Q393513
Du-Enlila,Du-Enlila,,Du-Enlila (mod. uncertain),,Q8,Q389596,https://cdli.mpiwg-berlin.mpg.de/proveniences/378,,Q389597,Q393513
Dusabar,Dusabar,,Dusabar (mod. uncertain),,Q8,Q389596,https://cdli.mpiwg-berlin.mpg.de/proveniences/45,,Q389597,Q393513
Ecbatana,Ecbatana,,Ecbatana (mod. uncertain),,Q8,Q389596,https://cdli.mpiwg-berlin.mpg.de/proveniences/147,,Q389597,Q393513
El Geraineh,Egraineli (mod. El Geraineh),,Egraineli (mod. El Geraineh),,Q8,Q389596,https://cdli.mpiwg-berlin.mpg.de/proveniences/1021,,Q389597,Q393513
Elammu,Elammu,,Elammu (mod. uncertain),,Q8,Q389596,https://cdli.mpiwg-berlin.mpg.de/proveniences/258,,Q389597,Q393513
Epurasie,Epurasie,,Epurasie (mod. uncertain),,Q8,Q389596,https://cdli.mpiwg-berlin.mpg.de/proveniences/80,,Q389597,Q393513
Eskiharran,mod. Eskiharran),,uncertain (mod. Eskiharran),,Q8,Q389596,https://cdli.mpiwg-berlin.mpg.de/proveniences/738,,Q389597,Q393513
Ešura,Ešura,,Ešura (mod. uncertain),,Q8,Q389596,https://cdli.mpiwg-berlin.mpg.de/proveniences/379,,Q389597,Q393513
Galgameš,Galgameš,,Galgameš (mod. uncertain),,Q8,Q389596,https://cdli.mpiwg-berlin.mpg.de/proveniences/1006,,Q389597,Q393513
GARIN-naḫallum,GARIN-naḫallum,,GARIN-naḫallum (mod. uncertain),,Q8,Q389596,https://cdli.mpiwg-berlin.mpg.de/proveniences/41,,Q389597,Q393513
Girigu,Girigu,,Girigu (mod. uncertain),,Q8,Q389596,https://cdli.mpiwg-berlin.mpg.de/proveniences/128,,Q389597,Q393513
Gišši,Gišši,,Gišši (mod. uncertain),,Q8,Q389596,https://cdli.mpiwg-berlin.mpg.de/proveniences/103,,Q389597,Q393513
Gur-e Sefid,mod. Gur-e Sefid),,uncertain (mod. Gur-e Sefid),,Q8,Q389596,https://cdli.mpiwg-berlin.mpg.de/proveniences/1015,,Q389597,Q393513
Ḫadiranu-ša-Nabu,Ḫadiranu-ša-Nabu,,Ḫadiranu-ša-Nabu (mod. uncertain),,Q8,Q389596,https://cdli.mpiwg-berlin.mpg.de/proveniences/274,,Q389597,Q393513
Haikavank,mod. Haikavank),,uncertain (mod. Haikavank),,Q8,Q389596,https://cdli.mpiwg-berlin.mpg.de/proveniences/770,,Q389597,Q393513
Hamat,Hamat,,Hamat (mod. uncertain),,Q8,Q389596,https://cdli.mpiwg-berlin.mpg.de/proveniences/383,,Q389597,Q393513
Haṭru,Haṭru,,Haṭru (mod. uncertain),,Q8,Q389596,https://cdli.mpiwg-berlin.mpg.de/proveniences/1009,,Q389597,Q393513
Hazatu,Hazatu,,Hazatu (mod. uncertain),,Q8,Q389596,https://cdli.mpiwg-berlin.mpg.de/proveniences/385,,Q389597,Q393513
Himeri,mod. Himeri),,uncertain (mod. Himeri),,Q8,Q389596,https://cdli.mpiwg-berlin.mpg.de/proveniences/213,,Q389597,Q393513
Himuru,Himuru,,Himuru (mod. uncertain),,Q8,Q389596,https://cdli.mpiwg-berlin.mpg.de/proveniences/386,,Q389597,Q393513
Hisartepe,Daskyleion (mod. Hisartepe),,Daskyleion (mod. Hisartepe),,Q8,Q389596,https://cdli.mpiwg-berlin.mpg.de/proveniences/724,,Q389597,Q393513
Hour Soleiman,mod. Hour Soleiman),,uncertain (mod. Hour Soleiman),,Q8,Q389596,https://cdli.mpiwg-berlin.mpg.de/proveniences/654,,Q389597,Q393513
Hummanu,Hummanu,,Hummanu (mod. uncertain),,Q8,Q389596,https://cdli.mpiwg-berlin.mpg.de/proveniences/225,,Q389597,Q393513
Hurruba,Hurruba,,Hurruba (mod. uncertain),,Q8,Q389596,https://cdli.mpiwg-berlin.mpg.de/proveniences/175,,Q389597,Q393513
Idfū,mod. Idfū),,uncertain (mod. Idfū),,Q8,Q389596,https://cdli.mpiwg-berlin.mpg.de/proveniences/736,,Q389597,Q393513
İnandık,mod. İnandık),,uncertain (mod. İnandık),,Q8,Q389596,https://cdli.mpiwg-berlin.mpg.de/proveniences/789,,Q389597,Q393513
Irákleio,mod. Irákleio),,uncertain (mod. Irákleio),,Q8,Q389596,https://cdli.mpiwg-berlin.mpg.de/proveniences/718,,Q389597,Q393513
Īzah,mod. Īzah),,uncertain (mod. Īzah),,Q8,Q389596,https://cdli.mpiwg-berlin.mpg.de/proveniences/790,,Q389597,Q393513
Kapri-ša-naqidati,Kapri-ša-naqidati,,Kapri-ša-naqidati (mod. uncertain),,Q8,Q389596,https://cdli.mpiwg-berlin.mpg.de/proveniences/182,,Q389597,Q393513
Kapru,Kapru,,Kapru (mod. uncertain),,Q8,Q389596,https://cdli.mpiwg-berlin.mpg.de/proveniences/37,,Q389597,Q393513
Kar-bel-matati,Kar-bel-matati,,Kar-bel-matati (mod. uncertain),,Q8,Q389596,https://cdli.mpiwg-berlin.mpg.de/proveniences/141,,Q389597,Q393513
Kar-Nabu,Kar-Nabu,,Kar-Nabu (mod. uncertain),,Q8,Q389596,https://cdli.mpiwg-berlin.mpg.de/proveniences/134,,Q389597,Q393513
Kašši...,Kašši...,,Kašši... (mod. uncertain),,Q8,Q389596,https://cdli.mpiwg-berlin.mpg.de/proveniences/388,,Q389597,Q393513
Kazallu,Kazallu,,Kazallu (mod. uncertain),,Q8,Q389596,https://cdli.mpiwg-berlin.mpg.de/proveniences/193,,Q389597,Q393513
Kerman,Šahdad (mod. Kerman),,Šahdad (mod. Kerman),,Q8,Q389596,https://cdli.mpiwg-berlin.mpg.de/proveniences/614,,Q389597,Q393513
KI.AN,KI.AN,,KI.AN (mod. uncertain),,Q8,Q389596,https://cdli.mpiwg-berlin.mpg.de/proveniences/315,,Q389597,Q393513
Kocapınar,mod. Kocapınar),,uncertain (mod. Kocapınar),,Q8,Q389596,https://cdli.mpiwg-berlin.mpg.de/proveniences/976,,Q389597,Q393513
Kūm Dafnah,mod. Kūm Dafnah),,uncertain (mod. Kūm Dafnah),,Q8,Q389596,https://cdli.mpiwg-berlin.mpg.de/proveniences/725,,Q389597,Q393513
Kumu,Kumu,,Kumu (mod. uncertain),,Q8,Q389596,https://cdli.mpiwg-berlin.mpg.de/proveniences/151,,Q389597,Q393513
Lagaba,Lagaba,,Lagaba (mod. uncertain),,Q8,Q389596,https://cdli.mpiwg-berlin.mpg.de/proveniences/16,,Q389597,Q393513
Lahir,mod. Lahir),,uncertain (mod. Lahir),,Q8,Q389596,https://cdli.mpiwg-berlin.mpg.de/proveniences/9,,Q389597,Q393513
Lchashen,mod. Lchashen),,uncertain (mod. Lchashen),,Q8,Q389596,https://cdli.mpiwg-berlin.mpg.de/proveniences/843,,Q389597,Q393513
Ma'allanate,Ma'allanate,,Ma'allanate (mod. uncertain),,Q8,Q389596,https://cdli.mpiwg-berlin.mpg.de/proveniences/393,,Q389597,Q393513
Mah-i-dasht plain,mod. Mah-i-dasht plain),,uncertain (mod. Mah-i-dasht plain),,Q8,Q389596,https://cdli.mpiwg-berlin.mpg.de/proveniences/18,,Q389597,Q393513
Mahmudiyah,mod. Mahmudiyah),,uncertain (mod. Mahmudiyah),,Q8,Q389596,https://cdli.mpiwg-berlin.mpg.de/proveniences/418,,Q389597,Q393513
Merj Khamis,mod. Merj Khamis),,uncertain (mod. Merj Khamis),,Q8,Q389596,https://cdli.mpiwg-berlin.mpg.de/proveniences/419,,Q389597,Q393513
Naḫalla,Naḫalla,,Naḫalla (mod. uncertain),,Q8,Q389596,https://cdli.mpiwg-berlin.mpg.de/proveniences/201,,Q389597,Q393513
Nar-Madanu,mod. Nar-Madanu),,uncertain (mod. Nar-Madanu),,Q8,Q389596,https://cdli.mpiwg-berlin.mpg.de/proveniences/313,,Q389597,Q393513
Naṣir,Naṣir,,Naṣir (mod. uncertain),,Q8,Q389596,https://cdli.mpiwg-berlin.mpg.de/proveniences/63,,Q389597,Q393513
Nessana,mod. Nessana),,uncertain (mod. Nessana),,Q8,Q389596,https://cdli.mpiwg-berlin.mpg.de/proveniences/238,,Q389597,Q393513
Petronell-Carnuntum,Carnuntum (mod. Petronell-Carnuntum),,Carnuntum (mod. Petronell-Carnuntum),,Q8,Q389596,https://cdli.mpiwg-berlin.mpg.de/proveniences/1014,,Q389597,Q393513
Qantīr,mod. Qantīr),,uncertain (mod. Qantīr),,Q8,Q389596,https://cdli.mpiwg-berlin.mpg.de/proveniences/903,,Q389597,Q393513
Qaṭibat,mod. Qaṭibat),,uncertain (mod. Qaṭibat),,Q8,Q389596,https://cdli.mpiwg-berlin.mpg.de/proveniences/76,,Q389597,Q393513
Qāṭīnu,Qāṭīnu,,Qāṭīnu (mod. uncertain),,Q8,Q389596,https://cdli.mpiwg-berlin.mpg.de/proveniences/397,,Q389597,Q393513
Qatuna,Qatuna,,Qatuna (mod. uncertain),,Q8,Q389596,https://cdli.mpiwg-berlin.mpg.de/proveniences/61,,Q389597,Q393513
Qufṭ,mod. Qufṭ),,uncertain (mod. Qufṭ),,Q8,Q389596,https://cdli.mpiwg-berlin.mpg.de/proveniences/906,,Q389597,Q393513
Quwakh Tapeh,mod. Quwakh Tapeh),,uncertain (mod. Quwakh Tapeh),,Q8,Q389596,https://cdli.mpiwg-berlin.mpg.de/proveniences/1023,,Q389597,Q393513
Sagub,Sagub,,Sagub (mod. uncertain),,Q8,Q389596,https://cdli.mpiwg-berlin.mpg.de/proveniences/255,,Q389597,Q393513
Šaḫrinu,Šaḫrinu,,Šaḫrinu (mod. uncertain),,Q8,Q389596,https://cdli.mpiwg-berlin.mpg.de/proveniences/87,,Q389597,Q393513
Saḫrītu,Saḫrītu,,Saḫrītu (mod. uncertain),,Q8,Q389596,https://cdli.mpiwg-berlin.mpg.de/proveniences/1018,,Q389597,Q393513
Ṣan al-Hagar,mod. Ṣan al-Hagar),,uncertain (mod. Ṣan al-Hagar),,Q8,Q389596,https://cdli.mpiwg-berlin.mpg.de/proveniences/950,,Q389597,Q393513
Šašrum,Šašrum,,Šašrum (mod. uncertain),,Q8,Q389596,https://cdli.mpiwg-berlin.mpg.de/proveniences/186,,Q389597,Q393513
Shapiya,mod. Shapiya),,uncertain (mod. Shapiya),,Q8,Q389596,https://cdli.mpiwg-berlin.mpg.de/proveniences/924,,Q389597,Q393513
Šuppatu,Šuppatu,,Šuppatu (mod. uncertain),,Q8,Q389596,https://cdli.mpiwg-berlin.mpg.de/proveniences/1019,,Q389597,Q393513
Ṣurmeš,Ṣurmeš,,Ṣurmeš (mod. uncertain),,Q8,Q389596,https://cdli.mpiwg-berlin.mpg.de/proveniences/70,,Q389597,Q393513
Surru,Surru,,Surru (mod. uncertain),,Q8,Q389596,https://cdli.mpiwg-berlin.mpg.de/proveniences/29,,Q389597,Q393513
Šūru,Šūru,,Šūru (mod. uncertain),,Q8,Q389596,https://cdli.mpiwg-berlin.mpg.de/proveniences/644,,Q389597,Q393513
Šušan,Šušan,,Šušan (mod. uncertain),,Q8,Q389596,https://cdli.mpiwg-berlin.mpg.de/proveniences/1017,,Q389597,Q393513
Tag,mod. Tag),,uncertain (mod. Tag),,Q8,Q389596,https://cdli.mpiwg-berlin.mpg.de/proveniences/617,,Q389597,Q393513
Tall Abū al-Dhahab,mod. Tall Abū al-Dhahab),,uncertain (mod. Tall Abū al-Dhahab),,Q8,Q389596,https://cdli.mpiwg-berlin.mpg.de/proveniences/658,,Q389597,Q393513
Tall Āfis,mod. Tall Āfis),,uncertain (mod. Tall Āfis),,Q8,Q389596,https://cdli.mpiwg-berlin.mpg.de/proveniences/661,,Q389597,Q393513
Tall al-Ḍabʻa,mod. Tall al-Ḍabʻa),,uncertain (mod. Tall al-Ḍabʻa),,Q8,Q389596,https://cdli.mpiwg-berlin.mpg.de/proveniences/722,,Q389597,Q393513
Tall al-Gharrān,mod. Tall al-Gharrān),,uncertain (mod. Tall al-Gharrān),,Q8,Q389596,https://cdli.mpiwg-berlin.mpg.de/proveniences/753,,Q389597,Q393513
Tall al-Nabī Mandū,Qadeš (mod. Tall al-Nabī Mandū),,Qadeš (mod. Tall al-Nabī Mandū),,Q8,Q389596,https://cdli.mpiwg-berlin.mpg.de/proveniences/899,,Q389597,Q393513
Tall al-Qaddīsah Barbārah,Kar-Mullissi (mod. Tall al-Qaddīsah Barbārah),,Kar-Mullissi (mod. Tall al-Qaddīsah Barbārah),,Q8,Q389596,https://cdli.mpiwg-berlin.mpg.de/proveniences/634,,Q389597,Q393513
Tall Bāzy,Armanum? (mod. Tall Bāzy),,Armanum? (mod. Tall Bāzy),,Q8,Q389596,https://cdli.mpiwg-berlin.mpg.de/proveniences/692,,Q389597,Q393513
Tall Bint al-Amīr,mod. Tall Bint al-Amīr),,uncertain (mod. Tall Bint al-Amīr),,Q8,Q389596,https://cdli.mpiwg-berlin.mpg.de/proveniences/685,,Q389597,Q393513
Tall Ḥadwat al-Faras,mod. Tall Ḥadwat al-Faras),,uncertain (mod. Tall Ḥadwat al-Faras),,Q8,Q389596,https://cdli.mpiwg-berlin.mpg.de/proveniences/766,,Q389597,Q393513
Tall Kozkhān,mod. Tall Kozkhān),,uncertain (mod. Tall Kozkhān),,Q8,Q389596,https://cdli.mpiwg-berlin.mpg.de/proveniences/827,,Q389597,Q393513
Tall Nūyaja,mod. Tall Nūyaja),,uncertain (mod. Tall Nūyaja),,Q8,Q389596,https://cdli.mpiwg-berlin.mpg.de/proveniences/874,,Q389597,Q393513
Tall S‘aīd,mod. Tall S‘aīd),,uncertain (mod. Tall S‘aīd),,Q8,Q389596,https://cdli.mpiwg-berlin.mpg.de/proveniences/915,,Q389597,Q393513
Tall Warīsh,mod. Tall Warīsh),,uncertain (mod. Tall Warīsh),,Q8,Q389596,https://cdli.mpiwg-berlin.mpg.de/proveniences/996,,Q389597,Q393513
Tall-I Nokhodi,mod. Tall-I Nokhodi),,uncertain (mod. Tall-I Nokhodi),,Q8,Q389596,https://cdli.mpiwg-berlin.mpg.de/proveniences/649,,Q389597,Q393513
Tel Duweihes,mod. Tel Duweihes),,uncertain (mod. Tel Duweihes),,Q8,Q389596,https://cdli.mpiwg-berlin.mpg.de/proveniences/960,,Q389597,Q393513
Tel Gamma,mod. Tel Gamma),,uncertain (mod. Tel Gamma),,Q8,Q389596,https://cdli.mpiwg-berlin.mpg.de/proveniences/793,,Q389597,Q393513
Tel Hebron,mod. Tel Hebron),,uncertain (mod. Tel Hebron),,Q8,Q389596,https://cdli.mpiwg-berlin.mpg.de/proveniences/771,,Q389597,Q393513
Tell Abu Galgal,mod. Tell Abu Galgal),,uncertain (mod. Tell Abu Galgal),,Q8,Q389596,https://cdli.mpiwg-berlin.mpg.de/proveniences/645,,Q389597,Q393513
Tell Abu Nakhlab,mod. Tell Abu Nakhlab),,uncertain (mod. Tell Abu Nakhlab),,Q8,Q389596,https://cdli.mpiwg-berlin.mpg.de/proveniences/8,,Q389597,Q393513
Tell Bāshir,Turbessel (mod. Tell Bāshir),,Turbessel (mod. Tell Bāshir),,Q8,Q389596,https://cdli.mpiwg-berlin.mpg.de/proveniences/650,,Q389597,Q393513
Tell Basmaya,mod. Tell Basmaya),,uncertain (mod. Tell Basmaya),,Q8,Q389596,https://cdli.mpiwg-berlin.mpg.de/proveniences/1012,,Q389597,Q393513
Tell Kar,mod. Tell Kar),,uncertain (mod. Tell Kar),,Q8,Q389596,https://cdli.mpiwg-berlin.mpg.de/proveniences/641,,Q389597,Q393513
Tell Khaiber,mod. Tell Khaiber),,uncertain (mod. Tell Khaiber),,Q8,Q389596,https://cdli.mpiwg-berlin.mpg.de/proveniences/635,,Q389597,Q393513
Tell Kirbāsi,mod. Tell Kirbāsi),,Uncertain (mod. Tell Kirbāsi),,Q8,Q389596,https://cdli.mpiwg-berlin.mpg.de/proveniences/1010,,Q389597,Q393513
Tigunānum,Tigunānum,,Tigunānum (mod. uncertain),,Q8,Q389596,https://cdli.mpiwg-berlin.mpg.de/proveniences/51,,Q389597,Q393513
Tiryntha,mod. Tiryntha),,uncertain (mod. Tiryntha),,Q8,Q389596,https://cdli.mpiwg-berlin.mpg.de/proveniences/967,,Q389597,Q393513
Ṭūd,mod. Ṭūd),,uncertain (mod. Ṭūd),,Q8,Q389596,https://cdli.mpiwg-berlin.mpg.de/proveniences/975,,Q389597,Q393513
Tulūl ‘Adāy,mod. Tulūl ‘Adāy),,uncertain (mod. Tulūl ‘Adāy),,Q8,Q389596,https://cdli.mpiwg-berlin.mpg.de/proveniences/946,,Q389597,Q393513
Tulūl Abū ‘Aẓam,mod. Tulūl Abū ‘Aẓam),,uncertain (mod. Tulūl Abū ‘Aẓam),,Q8,Q389596,https://cdli.mpiwg-berlin.mpg.de/proveniences/945,,Q389597,Q393513
Tulūl al-Fāj,mod. Tulūl al-Fāj),,uncertain (mod. Tulūl al-Fāj),,Q8,Q389596,https://cdli.mpiwg-berlin.mpg.de/proveniences/660,,Q389597,Q393513
Tulūl al-Khāldiyah,mod. Tulūl al-Khāldiyah),,uncertain (mod. Tulūl al-Khāldiyah),,Q8,Q389596,https://cdli.mpiwg-berlin.mpg.de/proveniences/949,,Q389597,Q393513
Tulūl Bismāyah,mod. Tulūl Bismāyah),,uncertain (mod. Tulūl Bismāyah),,Q8,Q389596,https://cdli.mpiwg-berlin.mpg.de/proveniences/706,,Q389597,Q393513
Tulūl Kubībah,mod. Tulūl Kubībah),,uncertain (mod. Tulūl Kubībah),,Q8,Q389596,https://cdli.mpiwg-berlin.mpg.de/proveniences/1016,,Q389597,Q393513
Tulūl Yassir,Malgium (mod. Tulūl Yassir),,Malgium (mod. Tulūl Yassir),,Q8,Q389596,https://cdli.mpiwg-berlin.mpg.de/proveniences/172,,Q389597,Q393513
Udannu,Udannu,,Udannu (mod. uncertain),,Q8,Q389596,https://cdli.mpiwg-berlin.mpg.de/proveniences/152,,Q389597,Q393513
Uhudu,Uhudu,,Uhudu (mod. uncertain),,Q8,Q389596,https://cdli.mpiwg-berlin.mpg.de/proveniences/145,,Q389597,Q393513
Uluburun,mod. Uluburun),,uncertain (mod. Uluburun),,Q8,Q389596,https://cdli.mpiwg-berlin.mpg.de/proveniences/442,,Q389597,Q393513
Uluşar,mod. Uluşar),,uncertain (mod. Uluşar),,Q8,Q389596,https://cdli.mpiwg-berlin.mpg.de/proveniences/825,,Q389597,Q393513
Yāhūdu,Yāhūdu,,Yāhūdu (mod. uncertain),,Q8,Q389596,https://cdli.mpiwg-berlin.mpg.de/proveniences/406,,Q389597,Q393513
Yalındüz,mod. Yalındüz),,uncertain (mod. Yalındüz),,Q8,Q389596,https://cdli.mpiwg-berlin.mpg.de/proveniences/951,,Q389597,Q393513
Yanik Tepe,mod. Yanik Tepe),,uncertain (mod. Yanik Tepe),,Q8,Q389596,https://cdli.mpiwg-berlin.mpg.de/proveniences/638,,Q389597,Q393513
Yorgan Tepe,Gasur/Nuzi (mod. Yorgan Tepe),,Gasur/Nuzi (mod. Yorgan Tepe),,Q8,Q389596,https://cdli.mpiwg-berlin.mpg.de/proveniences/222,,Q389597,Q393513
Za'aleh,mod. Za'aleh),,uncertain (mod. Za'aleh),,Q8,Q389596,https://cdli.mpiwg-berlin.mpg.de/proveniences/122,,Q389597,Q393513
Ηeraio Samou,mod. Ηeraio Samou),,uncertain (mod. Ηeraio Samou),,Q8,Q389596,https://cdli.mpiwg-berlin.mpg.de/proveniences/780,,Q389597,Q393513
Новый Кумак,mod. Новый Кумак),,uncertain (mod. Новый Кумак),,Q8,Q389596,https://cdli.mpiwg-berlin.mpg.de/proveniences/880,,Q389597,Q393513
Adams 1981; site 1069,mod. Adams 1981; site 1069),,uncertain (mod. Adams 1981; site 1069),,Q8,Q389596,https://cdli.mpiwg-berlin.mpg.de/proveniences/850,,Q389597,Q393513