Aen (update),Aen2,FG-Q,P2_1,P2_2,P694,matched_token,matched_from_sheet2
uncertain (mod. Maṭār ‘Ammān al-Madanī),Maṭār ‘Ammān al-Madanī,,Q8,Q389596,https://cdli.mpiwg-berlin.mpg.de/proveniences/669,‘amman,‘amman -> ‘Ammān (nan)
Bit-Adad-eriba (mod. Tall Baqāq),Tall Baqāq,,Q8,Q389596,https://cdli.mpiwg-berlin.mpg.de/proveniences/690,"adad, baqaq",adad -> Ganjnāmah (uncertain (mod. Abu-Maria) : Apqu-ša-Adad (mod. Tell Abu Marya) : uncertain (mod. Abu-Maria)) | baqaq -> Tell Baqaq (nan)
Dur-Aššur-ketti-lešer (mod. Tall Budayrī),Tall Budayrī,,Q8,Q389596,https://cdli.mpiwg-berlin.mpg.de/proveniences/694,"assur, budayri, dur","assur -> Assur (Susa (mod. Shush)) | budayri -> Tell Budayri (nan) | dur -> Dur-Kurigalzu (Dilmun (mod. A'ali, Bahrain))"
Kar-Assurnazirpal (mod. Tall Masaikh),Tall Masaikh,,Q8,Q389596,https://cdli.mpiwg-berlin.mpg.de/proveniences/869,assurnazirpal,assurnazirpal -> Kar-Assurnazirpal (nan)
uncertain (mod. Bakr Āwā),Bakr Āwā,,Q8,Q389596,https://cdli.mpiwg-berlin.mpg.de/proveniences/691,"awa, bakr",awa -> Bakr Awa (nan) | bakr -> Bakr Awa (nan)
Bit-šar-Babili (mod. uncertain),Bit-šar-Babili,,Q8,Q389596,https://cdli.mpiwg-berlin.mpg.de/proveniences/269,"babili, sar",babili -> Tell Abu Mariya (Bābili (mod. Babylon) : uncertain (mod. Amran)) | sar -> Sar-i Pol-i Zohāb (uncertain (mod. Gherla Romania))
Alu-ša-BAD-MAH-AN (mod. uncertain),Alu-ša-BAD-MAH-AN,,Q8,Q389596,https://cdli.mpiwg-berlin.mpg.de/proveniences/181,bad,bad -> Abydos (Bad-Tibira (mod. Tell Medinah))
uncertain (mod. Banāt al-Hassan 100),Banāt al-Hassan 100,,Q8,Q389596,https://cdli.mpiwg-berlin.mpg.de/proveniences/696,"banat, hassan",banat -> Banat al-Hassan (nan) | hassan -> Banat al-Hassan (nan)
uncertain (mod. Banāt al-Hassan 131),Banāt al-Hassan 131,,Q8,Q389596,https://cdli.mpiwg-berlin.mpg.de/proveniences/697,"banat, hassan",banat -> Banat al-Hassan (nan) | hassan -> Banat al-Hassan (nan)
Per-Bast (mod. Tell Basta),Tell Basta,,Q8,Q389596,https://cdli.mpiwg-berlin.mpg.de/proveniences/642,bast,bast -> Qa`la Bast (nan)
uncertain (mod. Basṭām),Basṭām,,Q8,Q389596,https://cdli.mpiwg-berlin.mpg.de/proveniences/709,bastam,bastam -> Bastam (nan)
uncertain (mod. Tall Bazi),Tall Bazi,,Q8,Q389596,https://cdli.mpiwg-berlin.mpg.de/proveniences/1025,bazi,bazi -> Tell Bazi (nan)
uncertain (mod. Al-Bilād al-Qadīm),Al-Bilād al-Qadīm,,Q8,Q389596,https://cdli.mpiwg-berlin.mpg.de/proveniences/700,"bilad, qadim",bilad -> Al-Bilad al-Qadim (nan) | qadim -> Al-Bilad al-Qadim (nan)
uncertain (mod. Chaman-i Ḥaz̤ūrī),Chaman-i Ḥaz̤ūrī,,Q8,Q389596,https://cdli.mpiwg-berlin.mpg.de/proveniences/802,chaman,chaman -> Chaman-e-Hozori (nan)
uncertain (mod. Chughā Pahn East),Chughā Pahn East,,Q8,Q389596,https://cdli.mpiwg-berlin.mpg.de/proveniences/719,"chugha, pahn",chugha -> Chugha Mish (Kabnak (mod. Haft Tepe)) | pahn -> Chugha Pahn (nan)
uncertain (mod. Chughā Pahn West),Chughā Pahn West,,Q8,Q389596,https://cdli.mpiwg-berlin.mpg.de/proveniences/720,"chugha, pahn",chugha -> Chugha Mish (Kabnak (mod. Haft Tepe)) | pahn -> Chugha Pahn (nan)
Adama (mod. Tall Dāmiyā),Tall Dāmiyā,,Q8,Q389596,https://cdli.mpiwg-berlin.mpg.de/proveniences/723,damiya,damiya -> Tell Damiya (nan)
uncertain (mod. Goňur depe),Goňur depe,,Q8,Q389596,https://cdli.mpiwg-berlin.mpg.de/proveniences/755,"depe, gonur",depe -> Gonur Depe (nan) | gonur -> Gonur Depe (nan)
Azamhul (mod. Tall Muḥamad Diyāb),Tall Muḥamad Diyāb,,Q8,Q389596,https://cdli.mpiwg-berlin.mpg.de/proveniences/853,"diyab, muhamad",diyab -> Tell Muhamad Diyab (nan) | muhamad -> Tall Muḥamad (uncertain (mod. Tell al-Lahm) : uncertain (mod. Tell Lahm))
Dūr-Abī-ēšuḫ (mod. uncertain),Dūr-Abī-ēšuḫ,,Q8,Q389596,https://cdli.mpiwg-berlin.mpg.de/proveniences/82,dur,"dur -> Dur-Kurigalzu (Dilmun (mod. A'ali, Bahrain))"
Dur-Enlile (mod. uncertain),Dur-Enlile,,Q8,Q389596,https://cdli.mpiwg-berlin.mpg.de/proveniences/1013,dur,"dur -> Dur-Kurigalzu (Dilmun (mod. A'ali, Bahrain))"
Lachish (mod. Tell ed-Duweir),Tell ed-Duweir,,Q8,Q389596,https://cdli.mpiwg-berlin.mpg.de/proveniences/643,ed,ed -> Baysan (Haradum (mod. Khirbet ed-Diniye))
Erebuni (mod. Arin Berd),Arin Berd,,Q8,Q389596,https://cdli.mpiwg-berlin.mpg.de/proveniences/672,erebuni,erebuni -> Erebuni (nan)
uncertain (mod. Tall al-Fakhār),Tall al-Fakhār,,Q8,Q389596,https://cdli.mpiwg-berlin.mpg.de/proveniences/746,fakhar,fakhar -> Tell al-Fakhar (nan)
uncertain (mod. Fāqūs),Fāqūs,,Q8,Q389596,https://cdli.mpiwg-berlin.mpg.de/proveniences/747,faqus,faqus -> Tall Faqūs (nan)
uncertain (mod. Tell Fray),Tell Fray,,Q8,Q389596,https://cdli.mpiwg-berlin.mpg.de/proveniences/432,fray,fray -> Tall Fray (uncertain (mod. Tappeh Bormi))
uncertain (mod. Tapah Gārān),Tapah Gārān,,Q8,Q389596,https://cdli.mpiwg-berlin.mpg.de/proveniences/965,"garan, tapah",garan -> Tappah Gārān (nan) | tapah -> Tapah Ḥiṣār (Puzriš-Dagan (mod. Drehem))
uncertain (mod. Gird-i Gulak),Gird-i Gulak,,Q8,Q389596,https://cdli.mpiwg-berlin.mpg.de/proveniences/754,gird,gird -> Gird-i Rustam (nan)
Guzana (mod. Tell Halaf),Tell Halaf,,Q8,Q389596,https://cdli.mpiwg-berlin.mpg.de/proveniences/637,guzana,guzana -> Guzana (nan)
uncertain (mod. Tell Abu Hajar),Tell Abu Hajar,,Q8,Q389596,https://cdli.mpiwg-berlin.mpg.de/proveniences/430,hajar,hajar -> Al-Ḥajar (nan)
uncertain (mod. Lidar Höyük),Lidar Höyük,,Q8,Q389596,https://cdli.mpiwg-berlin.mpg.de/proveniences/648,hoyuk,hoyuk -> Maşat Höyük (uncertain (mod. Abu Fandowa))
Nerik (mod. Oymaağaç Höyük),Oymaağaç Höyük,,Q8,Q389596,https://cdli.mpiwg-berlin.mpg.de/proveniences/888,hoyuk,hoyuk -> Maşat Höyük (uncertain (mod. Abu Fandowa))
uncertain (mod. Habil Abu Ibrahim),Habil Abu Ibrahim,,Q8,Q389596,https://cdli.mpiwg-berlin.mpg.de/proveniences/767,ibrahim,ibrahim -> Al-Kharjah (Kutha (mod. Tell Ibrahim))
uncertain (mod. Qal’eh-i Imam),Qal’eh-i Imam,,Q8,Q389596,https://cdli.mpiwg-berlin.mpg.de/proveniences/616,imam,imam -> Qal‘ah Imam (nan)
uncertain (mod. Ishān al-Khāzna),Ishān al-Khāzna,,Q8,Q389596,https://cdli.mpiwg-berlin.mpg.de/proveniences/787,ishan,ishan -> Ishān Hāfudh (Šaduppum (mod. Tell Harmal) : uncertain (mod. Tell Abu Harmal))
uncertain (mod. Ishān Khālifah),Ishān Khālifah,,Q8,Q389596,https://cdli.mpiwg-berlin.mpg.de/proveniences/788,ishan,ishan -> Ishān Hāfudh (Šaduppum (mod. Tell Harmal) : uncertain (mod. Tell Abu Harmal))
uncertain (mod. Ishān Abū Kumbārah),Ishān Abū Kumbārah,,Q8,Q389596,https://cdli.mpiwg-berlin.mpg.de/proveniences/838,"ishan, kumbarah",ishan -> Ishān Hāfudh (Šaduppum (mod. Tell Harmal) : uncertain (mod. Tell Abu Harmal)) | kumbarah -> Ishan Abū Kumbārah (nan)
uncertain (mod. Kani Joni I),Kani Joni I,,Q8,Q389596,https://cdli.mpiwg-berlin.mpg.de/proveniences/652,kani,kani -> Kānī Bī (nan)
uncertain (mod. Kani Joni II),Kani Joni II,,Q8,Q389596,https://cdli.mpiwg-berlin.mpg.de/proveniences/656,kani,kani -> Kānī Bī (nan)
uncertain (mod. Al-Karnak),Al-Karnak,,Q8,Q389596,https://cdli.mpiwg-berlin.mpg.de/proveniences/799,karnak,karnak -> Karnak (nan)
Kesh (mod. uncertain),Kesh,,Q8,Q389596,https://cdli.mpiwg-berlin.mpg.de/proveniences/69,kesh,kesh -> Faqous (Larak (mod. Tell Wilayah) : Kesh (mod. Wilaya ?))
uncertain (mod. Tulul Khatab),Tulul Khatab,,Q8,Q389596,https://cdli.mpiwg-berlin.mpg.de/proveniences/636,khatab,khatab -> Tulūl Khaṭāb (nan)
Liyan (mod. Būs̱har),Būs̱har,,Q8,Q389596,https://cdli.mpiwg-berlin.mpg.de/proveniences/844,liyan,liyan -> Liyan (nan)
uncertain (mod. Al-Mukhaṭṭaṭ),Al-Mukhaṭṭaṭ,,Q8,Q389596,https://cdli.mpiwg-berlin.mpg.de/proveniences/861,mukhattat,mukhattat -> Mukhattat (nan)
uncertain (mod. Tapah Mūsiyān),Tapah Mūsiyān,,Q8,Q389596,https://cdli.mpiwg-berlin.mpg.de/proveniences/973,"musiyan, tapah",musiyan -> Tall Bāz Musiyān (nan) | tapah -> Tapah Ḥiṣār (Puzriš-Dagan (mod. Drehem))
Alitschalu (mod. Ōdzaberd),Ōdzaberd,,Q8,Q389596,https://cdli.mpiwg-berlin.mpg.de/proveniences/980,odzaberd,odzaberd -> Odzaberd (nan)
uncertain (mod. Tell Sabi Abyad),Tell Sabi Abyad,,Q8,Q389596,https://cdli.mpiwg-berlin.mpg.de/proveniences/640,sabi,sabi -> Tall Ṣabī Ābiyaḍ (nan)
Amurru-šar-uṣur (mod. uncertain),Amurru-šar-uṣur,,Q8,Q389596,https://cdli.mpiwg-berlin.mpg.de/proveniences/363,sar,sar -> Sar-i Pol-i Zohāb (uncertain (mod. Gherla Romania))
uncertain (mod. Til-Buri),Til-Buri,,Q8,Q389596,https://cdli.mpiwg-berlin.mpg.de/proveniences/228,til,til -> Haradum (Til Barsip (mod. Tell Ahmar))
"uncertain (mod. Çorum, Turkey)","Çorum, Turkey",,Q8,Q389596,https://cdli.mpiwg-berlin.mpg.de/proveniences/187,turkey,"turkey -> Nihāwand (uncertain (mod. Babil, Turkey))"
uncertain (mod. Umm el-Djerab),Umm el-Djerab,,Q8,Q389596,https://cdli.mpiwg-berlin.mpg.de/proveniences/639,umm,umm -> Umm al-Jīr (uncertain (mod. Abu-Maria) : Apqu-ša-Adad (mod. Tell Abu Marya) : uncertain (mod. Abu-Maria))