Unnamed: 0,P771,Len,Aen,FG_qid,P694,P48,FG_qid_url,P2,description_en,source_file
FG_Qid,Wikidata_qid,transciption_name,cdli_legacy_'Len',ancientplace,id_text2,coord,,,,
Q390152,Q1000878,Muradiye,,https://database.factgrid.de/entity/Q390152,,Point(43.7634 38.9913),,,,
Q390121,Q10758333,Elmalık,,https://database.factgrid.de/entity/Q390121,,Point(43.3098 38.4119),,,,
Q389654,Q1171924,Daskileion,,https://database.factgrid.de/entity/Q389654,,Point(28.0507 40.1326),,,,
Q389816,Q1183843,Al-Marjab,,https://database.factgrid.de/entity/Q389816,,Point(46.1575 30.8627),,,,
Q390079,Q118995,Muş,,https://database.factgrid.de/entity/Q390079,,Point(41.4794 38.733),,,,
Q389758,Q1195993,Karmir blur,,https://database.factgrid.de/entity/Q389758,,Point(44.4509 40.1529),,,,
Q390070,Q1329616,Dicle Tüneli,,https://database.factgrid.de/entity/Q390070,,Point(40.549 38.5291),,,,
Q389668,Q1344411,Fanagorii͡a,,https://database.factgrid.de/entity/Q389668,,Point(36.9584 45.2759),,,,
Q389656,Q14751553,İnandıktepe,,https://database.factgrid.de/entity/Q389656,,Point(33.5352 40.381),,,,
Q390046,Q1528589,Oylum Höyük,,https://database.factgrid.de/entity/Q390046,,Point(37.1786 36.6988),,,,
Q389606,Q1570185,Hala Sultan Tekes,,https://database.factgrid.de/entity/Q389606,,Point(33.6059 34.8856),,,,
Q389993,Q167993,Ṭabaqat Faḥl,,https://database.factgrid.de/entity/Q389993,,Point(35.613 32.4501),,,,
Q92367,Q174916,Ṭarṭūs,,https://database.factgrid.de/entity/Q92367,,Point(35.8833 34.8833),,,,
Q389622,Q1810451,Tahpanhes,,https://database.factgrid.de/entity/Q389622,,Point(32.1774 30.8579),,,,
Q390004,Q206236,Qā`lah Arbīl,,https://database.factgrid.de/entity/Q390004,,Point(44.0093 36.1913),,,,
Q389615,Q210598,Tanis,,https://database.factgrid.de/entity/Q389615,,Point(31.8845 30.9746),,,,
Q389898,Q2142541,Guzana,,https://database.factgrid.de/entity/Q389898,,Point(40.0399 36.8268),,,,
Q389885,Q21587404,Tell Budayri,,https://database.factgrid.de/entity/Q389885,,Point(40.8136 36.3875),,,,
Q389954,Q21592013,Kar-Assurnazirpal,,https://database.factgrid.de/entity/Q389954,,Point(40.5553 34.9738),,,,
Q389625,Q217379,Tiryns,,https://database.factgrid.de/entity/Q389625,,Point(22.8003 37.5992),,,,
Q389884,Q2390471,Tell Bazi,,https://database.factgrid.de/entity/Q389884,,Point(38.2762 36.4273),,,,
Q389608,Q239107,Edfu,,https://database.factgrid.de/entity/Q389608,,Point(32.8728 24.9782),,,,
Q389648,Q27124611,Tell Damiya,,https://database.factgrid.de/entity/Q389648,,Point(35.5469 32.1038),,,,
Q390134,Q272699,Çavuştepe,,https://database.factgrid.de/entity/Q390134,,Point(43.4619 38.3533),,,,
Q389869,Q2740784,Tell al-Fakhar,,https://database.factgrid.de/entity/Q389869,,Point(43.9799 35.3808),,,,
Q390113,Q281932,Arzashkun,,https://database.factgrid.de/entity/Q390113,,Point(43.0669 38.8107),,,,
Q389616,Q287731,El-Tod,,https://database.factgrid.de/entity/Q389616,,Point(32.5332 25.5832),,,,
Q390167,Q3110595,Gonur Depe,,https://database.factgrid.de/entity/Q390167,,Point(62.0377 38.2129),,,,
Q389627,Q31214587,Tell ‘Ali,,https://database.factgrid.de/entity/Q389627,,Point(43.682 35.3819),,,,
Q390110,Q32083,Ahtamar,,https://database.factgrid.de/entity/Q390110,,Point(43.037 38.3401),,,,
Q389612,Q3517370,Tell El-Dab'a,,https://database.factgrid.de/entity/Q389612,,Point(31.8233 30.7867),,,,
Q390011,Q3849877,Kalīshīn,,https://database.factgrid.de/entity/Q390011,,Point(44.8994 36.9171),,,,
Q389871,Q4115974,Karamlesh,,https://database.factgrid.de/entity/Q389871,,Point(43.4095 36.3056),,,,
Q389921,Q4120177,Tall ‘Arbīd,,https://database.factgrid.de/entity/Q389921,,Point(41.0207 36.8728),,,,
Q390062,Q447212,Altıntepe,,https://database.factgrid.de/entity/Q390062,,Point(39.6467 39.6964),,,,
Q389876,Q4702907,Tall al-Mishrifah,,https://database.factgrid.de/entity/Q389876,,Point(36.8663 34.8346),,,,
Q390104,Q509324,Patnos,,https://database.factgrid.de/entity/Q390104,,Point(42.864 39.2332),,,,
Q389611,Q522862,Karnak,,https://database.factgrid.de/entity/Q389611,,Point(32.6586 25.7168),,,,
Q389767,Q53483,Odzaberd,,https://database.factgrid.de/entity/Q389767,,Point(45.495 40.1537),,,,
Q389647,Q5431857,Falerii,,https://database.factgrid.de/entity/Q389647,,Point(12.4217 42.2988),,,,
Q390114,Q54571,Ayanıs,,https://database.factgrid.de/entity/Q390114,,Point(43.2114 38.7083),,,,
Q389659,Q558861,Alaça Höyuk,,https://database.factgrid.de/entity/Q389659,,Point(34.6951 40.2344),,,,
Q390054,Q6087910,Habıbuşaǧı,,https://database.factgrid.de/entity/Q390054,,Point(38.7937 38.4334),,,,
Q390055,Q6097573,Kazane Höyük,,https://database.factgrid.de/entity/Q390055,,Point(38.846 37.1196),,,,
Q389660,Q6100895,Eskiyapar,,https://database.factgrid.de/entity/Q389660,,Point(34.773 40.1581),,,,
Q390074,Q6101667,Girnavaz,,https://database.factgrid.de/entity/Q390074,,Point(41.2304 37.1049),,,,
Q390144,Q6578608,Savacık,,https://database.factgrid.de/entity/Q390144,,Point(43.6173 38.4123),,,,
Q389686,Q6659990,Liyan,,https://database.factgrid.de/entity/Q389686,,Point(50.8744 28.8853),,,,
Q389878,Q690035,Kadesh,,https://database.factgrid.de/entity/Q389878,,Point(36.5194 34.557),,,,
Q389925,Q7199033,Tall ‘Aushariyah,,https://database.factgrid.de/entity/Q389925,,Point(38.0755 36.6599),,,,
Q389747,Q733610,Erebuni,,https://database.factgrid.de/entity/Q389747,,Point(44.538 40.1405),,,,
Q390078,Q756957,Hasankeyf,,https://database.factgrid.de/entity/Q390078,,Point(41.4137 37.7137),,,,
Q390124,Q766324,Van,,https://database.factgrid.de/entity/Q390124,,Point(43.3397 38.5011),,,,
Q389900,Q7675924,Tall Ḥamīdī,,https://database.factgrid.de/entity/Q389900,,Point(41.166 36.816),,,,
Q389794,Q7881676,Umm al-Marra,,https://database.factgrid.de/entity/Q389794,,Point(37.6936 36.134),,,,
Q390060,Q8195601,Harput,,https://database.factgrid.de/entity/Q390060,,Point(39.2573 38.7037),,,,
Q389991,Q82070,Ṣūr,,https://database.factgrid.de/entity/Q389991,,Point(35.1943 33.2706),,,,
Q83154,Q83531,Bitlis,,https://database.factgrid.de/entity/Q83154,,Point(42.1071 38.4013),,,,
Q389666,Q841207,Heraion of Samos,,https://database.factgrid.de/entity/Q389666,,Point(26.886 37.6721),,,,
Q390102,Q9148422,Aznavurtepe,,https://database.factgrid.de/entity/Q390102,,Point(42.8337 39.2502),,,,
Q90458,Q935454,Qift,,https://database.factgrid.de/entity/Q90458,,Point(32.816666666 26.0),,,,
Q389619,Q937930,Pi-Ramesses,,https://database.factgrid.de/entity/Q389619,,Point(31.8345 30.8017),,,,
Q389617,Q951439,Faqous,"uncertain (mod. Faqous, Egypt)",https://database.factgrid.de/entity/Q389617,,Point(31.7964 30.7276),,,,
Q389893,,Tall Jūkha,,https://database.factgrid.de/entity/Q389893,,Point(43.6918 33.3424),,,,
Q390138,,Aliler,,https://database.factgrid.de/entity/Q390138,,Point(43.4868 38.8548),,,,
Q390140,,Değirmenköy,,https://database.factgrid.de/entity/Q390140,,Point(43.5152 38.5131),,,,
Q390170,,Acemhöyük,,https://database.factgrid.de/entity/Q390170,,Point(33.8347 38.4117),,,,
Q390120,,Hazine Piri Kapısı,,https://database.factgrid.de/entity/Q390120,,Point(43.3045 38.4069),,,,
Q390153,,Başkale,,https://database.factgrid.de/entity/Q390153,,Point(44.0171 38.0448),,,,
Q390135,,Aşağı Anzaf,,https://database.factgrid.de/entity/Q390135,,Point(43.4643 38.5678),,,,
Q390166,,Novy Kumak,,https://database.factgrid.de/entity/Q390166,,Point(58.6555 51.2297),,,,
Q390158,,Başbulak,,https://database.factgrid.de/entity/Q390158,,Point(44.2549 39.9374),,,,
Q390156,,Metsamor,,https://database.factgrid.de/entity/Q390156,,Point(44.1869 40.1264),,,,
Q390147,,Kaisaran,,https://database.factgrid.de/entity/Q390147,,Point(43.6446 38.466),,,,
Q390162,,Ojasar-Ilandağ,,https://database.factgrid.de/entity/Q390162,,Point(45.6251 39.137),,,,
Q390150,,Köşk,,https://database.factgrid.de/entity/Q390150,,Point(43.7223 38.9322),,,,
Q390131,,Sihke,,https://database.factgrid.de/entity/Q390131,,Point(43.4354 38.5072),,,,
Q390111,,Metsopay-Vank,,https://database.factgrid.de/entity/Q390111,,Point(43.0397 39.1679),,,,
Q390146,,Keçikıran,,https://database.factgrid.de/entity/Q390146,,Point(43.6345 38.9714),,,,
Q390132,,Kevenli,,https://database.factgrid.de/entity/Q390132,,Point(43.4475 38.4746),,,,
Q390151,,Körzüt,,https://database.factgrid.de/entity/Q390151,,Point(43.735 38.8877),,,,
Q390117,,Edremit,,https://database.factgrid.de/entity/Q390117,,Point(43.2411 38.4182),,,,
Q390119,,Taşköprü,,https://database.factgrid.de/entity/Q390119,,Point(43.2489 40.9553),,,,
Q390116,,Kadembas,,https://database.factgrid.de/entity/Q390116,,Point(43.2312 38.4084),,,,
Q390127,,Karataş,,https://database.factgrid.de/entity/Q390127,,Point(43.3963 39.0109),,,,
Q390129,,Kasımoğlu,,https://database.factgrid.de/entity/Q390129,,Point(43.415 38.6846),,,,
Q390133,,Bakraçlı,,https://database.factgrid.de/entity/Q390133,,Point(43.4612 38.4491),,,,
Q390118,,Ererin,,https://database.factgrid.de/entity/Q390118,,Point(43.2462 38.7579),,,,
Q390123,,Kalecik,,https://database.factgrid.de/entity/Q390123,,Point(43.3377 38.5459),,,,
Q390112,,Ortadamla,,https://database.factgrid.de/entity/Q390112,,Point(43.0496 39.2058),,,,
Q390139,,Sarmaç,,https://database.factgrid.de/entity/Q390139,,Point(43.496 38.4984),,,,
Q390155,,Kazancı,,https://database.factgrid.de/entity/Q390155,,Point(44.0255 40.0064),,,,
Q390141,,Topraklı,,https://database.factgrid.de/entity/Q390141,,Point(43.5283 39.0462),,,,
Q390115,,Güganis,,https://database.factgrid.de/entity/Q390115,,Point(43.22 38.3347),,,,
Q390136,,Dereüstü,,https://database.factgrid.de/entity/Q390136,,Point(43.47 38.5563),,,,
Q390164,,Xocali,,https://database.factgrid.de/entity/Q390164,,Point(46.8015 39.906),,,,
Q390122,,Çelebibağı,,https://database.factgrid.de/entity/Q390122,,Point(43.3127 38.9839),,,,
Q390109,,Kamışvan,,https://database.factgrid.de/entity/Q390109,,Point(42.9701 39.2345),,,,
Q390143,,Beşçatak,,https://database.factgrid.de/entity/Q390143,,Point(43.5635 38.5159),,,,
Q390126,,Meher Kapısı,,https://database.factgrid.de/entity/Q390126,,Point(43.3875 38.5182),,,,
Q390154,,Yeşilağaç,,https://database.factgrid.de/entity/Q390154,,Point(44.0205 38.4386),,,,
Q390130,,Salmanağa,,https://database.factgrid.de/entity/Q390130,,Point(43.4345 39.0482),,,,
Q390137,,Yukarı Anzaf,,https://database.factgrid.de/entity/Q390137,,Point(43.4703 38.5597),,,,
Q390149,,Karahan,,https://database.factgrid.de/entity/Q390149,,Point(43.6607 38.9493),,,,
Q390157,,Taşburun,,https://database.factgrid.de/entity/Q390157,,Point(44.246 39.9799),,,,
Q390145,,Gövelek,,https://database.factgrid.de/entity/Q390145,,Point(43.622 38.5323),,,,
Q390148,,Karagündüz,,https://database.factgrid.de/entity/Q390148,,Point(43.6459 38.6955),,,,
Q390160,,Qalatgah,,https://database.factgrid.de/entity/Q390160,,Point(45.2208 37.0353),,,,
Q389706,,Chughā Sabz,,https://database.factgrid.de/entity/Q389706,,Point(47.3953 33.3179),,,,
Q389772,,Tall al-‘Agāmiyya,,https://database.factgrid.de/entity/Q389772,,Point(43.4304 35.2249),,,,
Q389762,,Noragavid,,https://database.factgrid.de/entity/Q389762,,Point(44.4743 40.1198),,,,
Q389759,,Haykavan,,https://database.factgrid.de/entity/Q389759,,Point(44.0462 40.091),,,,
Q389757,,Tsovak,,https://database.factgrid.de/entity/Q389757,,Point(45.6391 40.1823),,,,
Q389746,,Karakala,,https://database.factgrid.de/entity/Q389746,,Point(43.8488 40.0487),,,,
Q389779,,Qalat-i Dinka,,https://database.factgrid.de/entity/Q389779,,Point(45.1328 36.1367),,,,
Q389761,,Nalbandyan,,https://database.factgrid.de/entity/Q389761,,Point(43.9873 40.0628),,,,
Q389712,,Chaman-e-Hozori,,https://database.factgrid.de/entity/Q389712,,Point(69.1954 34.5153),,,,
Q389774,,Kawala Kandal,,https://database.factgrid.de/entity/Q389774,,Point(43.6532 35.8079),,,,
Q389766,,Vardatsor,,https://database.factgrid.de/entity/Q389766,,Point(45.193 40.1888),,,,
Q389776,,Mukhattat,,https://database.factgrid.de/entity/Q389776,,Point(44.4962 32.337),,,,
Q389729,,Qa`la Bast,,https://database.factgrid.de/entity/Q389729,,Point(64.3566 31.5081),,,,
Q389699,,Tall Afghanī,,https://database.factgrid.de/entity/Q389699,,Point(51.1321 31.4883),,,,
Q389719,,Siyah Chas̱mah,,https://database.factgrid.de/entity/Q389719,,Point(44.3867 39.0659),,,,
Q389728,,Qal‘ah Imam,,https://database.factgrid.de/entity/Q389728,,Point(46.1798 35.488),,,,
Q389778,,Dugirdkhan,,https://database.factgrid.de/entity/Q389778,,Point(44.8475 36.1549),,,,
Q389753,,Zvartʻnotsʻ,,https://database.factgrid.de/entity/Q389753,,Point(44.3366 40.1596),,,,
Q389726,,‘Ayn-i Rūm,,https://database.factgrid.de/entity/Q389726,,Point(45.132 37.1837),,,,
Q389769,,Tall al-Raqa‘i,,https://database.factgrid.de/entity/Q389769,,Point(40.8521 36.44),,,,
Q389781,,Tall al-Disim,,https://database.factgrid.de/entity/Q389781,,Point(45.3929 32.1415),,,,
Q389742,,Maḥmūd Ābād,,https://database.factgrid.de/entity/Q389742,,Point(45.1294 37.3669),,,,
Q389705,,Jawānqal‘h,,https://database.factgrid.de/entity/Q389705,,Point(45.9564 37.4913),,,,
Q389739,,Lamā,,https://database.factgrid.de/entity/Q389739,,Point(51.2172 31.0449),,,,
Q389755,,Tʻanahat,,https://database.factgrid.de/entity/Q389755,,Point(45.925 39.4156),,,,
Q389714,,Rāzlīq,,https://database.factgrid.de/entity/Q389714,,Point(47.5496 38.0066),,,,
Q389784,,Suhairy,,https://database.factgrid.de/entity/Q389784,,Point(45.5881 31.4729),,,,
Q389793,,Umm al-Ḥafryāt,,https://database.factgrid.de/entity/Q389793,,Point(45.4915 31.6426),,,,
Q389760,,Marmachyn,,https://database.factgrid.de/entity/Q389760,,Point(43.7525 40.8514),,,,
Q389786,,Tell Ba'arura Shargi,,https://database.factgrid.de/entity/Q389786,,Point(46.1685 30.9786),,,,
Q389749,,Aruch,,https://database.factgrid.de/entity/Q389749,,Point(44.0784 40.2865),,,,
Q389707,,Chugha Pahn,,https://database.factgrid.de/entity/Q389707,,Point(48.4862 32.1851),,,,
Q389730,,Qandahār,,https://database.factgrid.de/entity/Q389730,,Point(65.6588 31.6025),,,,
Q389724,,S̱īs̱ah,,https://database.factgrid.de/entity/Q389724,,Point(47.3662 38.6075),,,,
Q389763,,Janfida,,https://database.factgrid.de/entity/Q389763,,Point(44.0276 40.0419),,,,
Q389735,,Kuhanak,,https://database.factgrid.de/entity/Q389735,,Point(48.6185 32.2683),,,,
Q389736,,Kūlfaraḥ,,https://database.factgrid.de/entity/Q389736,,Point(49.9286 31.8706),,,,
Q389782,,Unknown,,https://database.factgrid.de/entity/Q389782,,Point(45.3936 32.149),,,,
Q389765,,Spandaryan,,https://database.factgrid.de/entity/Q389765,,Point(44.0205 40.6679),,,,
Q389743,,Mawānā,,https://database.factgrid.de/entity/Q389743,,Point(44.7952 37.5734),,,,
Q389740,,Mārlīk,,https://database.factgrid.de/entity/Q389740,,Point(49.5019 36.8528),,,,
Q389764,,Sardarapat,,https://database.factgrid.de/entity/Q389764,,Point(44.0187 40.136),,,,
Q389771,,Tall Hanas,,https://database.factgrid.de/entity/Q389771,,Point(43.2896 35.4368),,,,
Q389741,,Māhān,,https://database.factgrid.de/entity/Q389741,,Point(57.29 30.0598),,,,
Q389783,,Tulūl al-Hummar,,https://database.factgrid.de/entity/Q389783,,Point(45.4998 31.6166),,,,
Q389780,,Ṭulūl al-Ḥumr,,https://database.factgrid.de/entity/Q389780,,Point(45.2872 31.8567),,,,
Q389788,,Abū Dhuba‘,,https://database.factgrid.de/entity/Q389788,,Point(45.6225 31.6772),,,,
Q389750,,Bambakajat,,https://database.factgrid.de/entity/Q389750,,Point(44.0183 40.1029),,,,
Q389754,,Elar,,https://database.factgrid.de/entity/Q389754,,Point(44.6168 40.2681),,,,
Q389715,,Ẕiwyah,,https://database.factgrid.de/entity/Q389715,,Point(46.6879 36.2739),,,,
Q389756,,Lchajen,,https://database.factgrid.de/entity/Q389756,,Point(44.9418 40.5074),,,,
Q389702,,Tall-i Spīd,,https://database.factgrid.de/entity/Q389702,,Point(51.4845 30.2519),,,,
Q389720,,Shiqāft-i Gulgul,,https://database.factgrid.de/entity/Q389720,,Point(46.4843 33.4675),,,,
Q389704,,Tūl-i Gīlān,,https://database.factgrid.de/entity/Q389704,,Point(48.6069 37.7352),,,,
Q389718,,Saqandal,,https://database.factgrid.de/entity/Q389718,,Point(46.7375 38.5041),,,,
Q389785,,Dibbin,,https://database.factgrid.de/entity/Q389785,,Point(45.6611 31.8977),,,,
Q389725,,Ṭashtepe,,https://database.factgrid.de/entity/Q389725,,Point(45.5666 37.0499),,,,
Q389751,,Garni,,https://database.factgrid.de/entity/Q389751,,Point(44.7299 40.1124),,,,
Q389711,,Chughā Gāwānah,,https://database.factgrid.de/entity/Q389711,,Point(46.5286 34.1101),,,,
Q389872,,Tall al-Qiṭar,,https://database.factgrid.de/entity/Q389872,,Point(38.1803 36.3837),,,,
Q389636,,Mikhmoret,,https://database.factgrid.de/entity/Q389636,,Point(34.8659 32.4013),,,,
Q389680,,Gird-i Rustam,,https://database.factgrid.de/entity/Q389680,,Point(45.9157 35.7528),,,,
Q389919,,Tall ‘Atij,,https://database.factgrid.de/entity/Q389919,,Point(40.8644 36.4303),,,,
Q389999,,‘Ammān,,https://database.factgrid.de/entity/Q389999,,Point(36.0202 31.7219),,,,
Q389906,,Tall Saka,,https://database.factgrid.de/entity/Q389906,,Point(36.4682 33.4402),,,,
Q389959,,Jamjamāl,,https://database.factgrid.de/entity/Q389959,,Point(44.835 35.5367),,,,
Q389997,,Ṭawīlān,,https://database.factgrid.de/entity/Q389997,,Point(35.4848 30.3313),,,,
Q389930,,Tall Qabr Abu al-’Atīq,,https://database.factgrid.de/entity/Q389930,,Point(39.7854 35.763),,,,
Q389995,,Ṭūbzāwah,,https://database.factgrid.de/entity/Q389995,,Point(44.6979 36.8079),,,,
Q389937,,Tall Muḥamad ‘Arab,,https://database.factgrid.de/entity/Q389937,,Point(42.8893 36.6346),,,,
Q389962,,Ḥabl al-Ṣakhar,,https://database.factgrid.de/entity/Q389962,,Point(44.2698 33.1216),,,,
Q389939,,Tall Marwāny,,https://database.factgrid.de/entity/Q389939,,Point(40.6627 34.8669),,,,
Q389964,,Ḥammām,,https://database.factgrid.de/entity/Q389964,,Point(38.1781 36.6413),,,,
Q389902,,Tall Khaibar,,https://database.factgrid.de/entity/Q389902,,Point(45.9328 31.0593),,,,
Q390002,,Qarah Jatān,,https://database.factgrid.de/entity/Q390002,,Point(45.1914 35.7417),,,,
Q389929,,Tall Faqūs,,https://database.factgrid.de/entity/Q389929,,Point(38.2052 35.9372),,,,
Q389936,,Tell Muhamad Diyab,,https://database.factgrid.de/entity/Q389936,,Point(41.5642 36.9243),,,,
Q389976,,Rās al-Maṭbakh,,https://database.factgrid.de/entity/Q389976,,Point(51.569 25.6912),,,,
Q389933,,Tall Karay Qāsim,,https://database.factgrid.de/entity/Q389933,,Point(42.9257 36.6789),,,,
Q389965,,Khārk,,https://database.factgrid.de/entity/Q389965,,Point(50.3091 29.2493),,,,
Q389982,,Sārabtā,,https://database.factgrid.de/entity/Q389982,,Point(35.295 33.4643),,,,
Q389909,,Tall Sītak,,https://database.factgrid.de/entity/Q389909,,Point(45.5027 35.6419),,,,
Q389951,,Tulūl Khaṭāb,,https://database.factgrid.de/entity/Q389951,,Point(44.5136 33.4767),,,,
Q389913,,Tall Ṣabī Ābiyaḍ,,https://database.factgrid.de/entity/Q389913,,Point(39.0915 36.5057),,,,
Q389943,,Tall Mīthlay,,https://database.factgrid.de/entity/Q389943,,Point(42.1377 36.7586),,,,
Q389928,,Tall Fisnah,,https://database.factgrid.de/entity/Q389928,,Point(42.8899 36.7079),,,,
Q389908,,Tall Siānū,,https://database.factgrid.de/entity/Q389908,,Point(36.0028 35.3653),,,,
Q390006,,Qal‘at ‘Awaynah,,https://database.factgrid.de/entity/Q390006,,Point(43.7195 36.0754),,,,
Q389802,,Ishān al-Sama‘a,uncertain (mod. Tell Sukas),https://database.factgrid.de/entity/Q389802,,Point(45.4193 32.0725),,,,
Q389865,,Tall al-Ṭāya,,https://database.factgrid.de/entity/Q389865,,Point(42.4933 36.3324),,,,
Q389805,,Al-Bilad al-Qadim,,https://database.factgrid.de/entity/Q389805,,Point(50.5371 26.2184),,,,
Q389813,,Al-Sayāl,,https://database.factgrid.de/entity/Q389813,,Point(40.9096 34.597),,,,
Q389851,,Tul-i Ājuri,,https://database.factgrid.de/entity/Q389851,,Point(52.8549 29.9364),,,,
Q389847,,Tall Imlīḥiyah,,https://database.factgrid.de/entity/Q389847,,Point(45.0031 34.1961),,,,
Q389879,,Tall al-Hādī,,https://database.factgrid.de/entity/Q389879,,Point(41.865 36.8707),,,,
Q389817,,Al-Maqsha,,https://database.factgrid.de/entity/Q389817,,Point(50.5112 26.2198),,,,
Q389807,,Al-Ḥajar,,https://database.factgrid.de/entity/Q389807,,Point(50.5137 26.2151),,,,
Q389811,,Al-Rajībah,,https://database.factgrid.de/entity/Q389811,,Point(45.969 30.9047),,,,
Q389838,,Tarjān,,https://database.factgrid.de/entity/Q389838,,Point(43.7581 36.1224),,,,
Q389818,,Ishan Abū Kumbārah,,https://database.factgrid.de/entity/Q389818,,Point(46.1954 31.0535),,,,
Q389883,,Tall Bāz Musiyān,,https://database.factgrid.de/entity/Q389883,,Point(44.9243 36.1614),,,,
Q389809,,Al-Khiḍr,,https://database.factgrid.de/entity/Q389809,,Point(48.288 29.4657),,,,
Q389828,,Banat al-Hassan,,https://database.factgrid.de/entity/Q389828,,Point(45.5218 31.5757),,,,
Q389890,,Tell Baqaq,,https://database.factgrid.de/entity/Q389890,,Point(42.9369 36.6888),,,,
Q390103,,Yalçınkaya,,https://database.factgrid.de/entity/Q390103,,Point(42.8485 39.1768),,,,
Q390106,,Hasbey,,https://database.factgrid.de/entity/Q390106,,Point(42.892 38.3427),,,,
Q390108,,Muhrapert,,https://database.factgrid.de/entity/Q390108,,Point(42.9157 38.3461),,,,
Q390105,,Ortakent,,https://database.factgrid.de/entity/Q390105,,Point(42.8815 41.2235),,,,
Q389628,,Shephela,,https://database.factgrid.de/entity/Q389628,,Point(34.8685 31.6283),,,,
Q389665,,Kuşsaray,,https://database.factgrid.de/entity/Q389665,,Point(35.1097 40.6061),,,,
Q389679,,Mergeh Karvan,,https://database.factgrid.de/entity/Q389679,,Point(44.9669 36.9425),,,,
Q389652,,Tel Rumeida,,https://database.factgrid.de/entity/Q389652,,Point(35.1023 31.5245),,,,
Q389675,,Tabor,,https://database.factgrid.de/entity/Q389675,,Point(35.4147 32.6714),,,,
Q389643,,Tel Jemmeh,,https://database.factgrid.de/entity/Q389643,,Point(34.445 31.3872),,,,
Q389629,,Khirbet Kusiya,,https://database.factgrid.de/entity/Q389629,,Point(35.0062 32.4242),,,,
Q389667,,Rutschi Tig,,https://database.factgrid.de/entity/Q389667,,Point(43.7555 42.9889),,,,
Q389646,,Tel Keisan,,https://database.factgrid.de/entity/Q389646,,Point(35.1508 32.873),,,,
Q389671,,Yrṿshlym,,https://database.factgrid.de/entity/Q389671,,Point(35.2358 31.7777),,,,
Q389690,,Tapah Khībr,,https://database.factgrid.de/entity/Q389690,,Point(46.6409 34.5441),,,,
Q389669,,Beit She'an,,https://database.factgrid.de/entity/Q389669,,Point(35.503 32.5046),,,,
Q389644,,Tel Hadid,,https://database.factgrid.de/entity/Q389644,,Point(34.9517 31.9635),,,,
Q389642,,Tel Bet Shemesh,,https://database.factgrid.de/entity/Q389642,,Point(34.9748 31.7506),,,,
Q389684,,Ishkaft Salmān,,https://database.factgrid.de/entity/Q389684,,Point(49.8476 31.8165),,,,
Q389663,,Taşlik Höyük,,https://database.factgrid.de/entity/Q389663,,Point(35.0269 39.8017),,,,
Q389614,,Sarābīūm,,https://database.factgrid.de/entity/Q389614,,Point(32.326 30.4677),,,,
Q389623,,Iraklio,,https://database.factgrid.de/entity/Q389623,,Point(25.1332 35.3402),,,,
Q389674,,Tall Balāṭah,,https://database.factgrid.de/entity/Q389674,,Point(35.2827 32.2135),,,,
Q389661,,Yassi Höyük,,https://database.factgrid.de/entity/Q389661,,Point(34.8825 39.9931),,,,
Q389633,,Gezer,,https://database.factgrid.de/entity/Q389633,,Point(34.921 31.8596),,,,
Q389672,,Jericho,,https://database.factgrid.de/entity/Q389672,,Point(35.4441 31.871),,,,
Q389655,,Büklükale,,https://database.factgrid.de/entity/Q389655,,Point(33.4283 39.5832),,,,
Q389685,,Bastam,,https://database.factgrid.de/entity/Q389685,,Point(44.9473 38.8859),,,,
Q389682,,Tepe Horreeye,,https://database.factgrid.de/entity/Q389682,,Point(48.5022 32.0313),,,,
Q389639,,Tel Be'er Sheva,,https://database.factgrid.de/entity/Q389639,,Point(34.8406 31.2449),,,,
Q389634,,Wingate,,https://database.factgrid.de/entity/Q389634,,Point(34.8349 32.2616),,,,
Q389681,,Nashteban,,https://database.factgrid.de/entity/Q389681,,Point(47.8013 38.0076),,,,
Q389664,,Ushaklı Höyük,,https://database.factgrid.de/entity/Q389664,,Point(35.0525 39.813),,,,
Q389641,,Tel Beth Mirsim,,https://database.factgrid.de/entity/Q389641,,Point(34.9105 31.4557),,,,
Q389694,,Tappah Gārān,,https://database.factgrid.de/entity/Q389694,,Point(47.3375 32.5802),,,,
Q389696,,Tappah Mūsiyān,,https://database.factgrid.de/entity/Q389696,,Point(47.351 32.553),,,,
Q389691,,Tapah Daylam,,https://database.factgrid.de/entity/Q389691,,Point(48.4262 32.1672),,,,
Q390051,,Mezraa Teleilat,,https://database.factgrid.de/entity/Q390051,,Point(37.9859 36.9773),,,,
Q390007,,Kārībahīn,,https://database.factgrid.de/entity/Q390007,,Point(42.9355 36.776),,,,
Q390061,,Burmageçit,,https://database.factgrid.de/entity/Q390061,,Point(39.5429 38.9714),,,,
Q390075,,Hamamköy,,https://database.factgrid.de/entity/Q390075,,Point(41.3538 39.9056),,,,
Q390099,,Koçaklar,,https://database.factgrid.de/entity/Q390099,,Point(42.7035 39.231),,,,
Q390015,,Kānī Bī,,https://database.factgrid.de/entity/Q390015,,Point(44.8358 35.881),,,,
Q390096,,Pirabat,,https://database.factgrid.de/entity/Q390096,,Point(42.5843 39.753),,,,
Q390097,,Bulutpınar,,https://database.factgrid.de/entity/Q390097,,Point(42.655 39.3397),,,,
Q390083,,Güzelhisar,,https://database.factgrid.de/entity/Q390083,,Point(41.9817 39.8283),,,,
Q390098,,Bostankaya,,https://database.factgrid.de/entity/Q390098,,Point(42.6557 39.2028),,,,
Q390043,,Hasancıklı,,https://database.factgrid.de/entity/Q390043,,Point(36.7917 37.6127),,,,
Q390093,,Adalar,,https://database.factgrid.de/entity/Q390093,,Point(42.5142 39.124),,,,
Q390082,,Alazlı,,https://database.factgrid.de/entity/Q390082,,Point(41.8247 38.6939),,,,
Q390058,,Anaz,,https://database.factgrid.de/entity/Q390058,,Point(39.027 37.14),,,,
Q390090,,Yazılıtaş,,https://database.factgrid.de/entity/Q390090,,Point(42.2755 39.8708),,,,
Q390101,,Düzceli,,https://database.factgrid.de/entity/Q390101,,Point(42.7279 39.1747),,,,
Q390065,,Palu,,https://database.factgrid.de/entity/Q390065,,Point(39.9535 38.7023),,,,
Q390077,,Bingöl Dağ,,https://database.factgrid.de/entity/Q390077,,Point(41.3873 39.3101),,,,
Q390039,,Çatal Höyük,,https://database.factgrid.de/entity/Q390039,,Point(36.5456 36.2977),,,,
Q390029,,Wādī al-Sab`,,https://database.factgrid.de/entity/Q390029,,Point(36.349 34.5518),,,,
Q390050,,Tilbes Höyük,,https://database.factgrid.de/entity/Q390050,,Point(37.8735 37.0886),,,,
Q390100,,Kef Kalesi,,https://database.factgrid.de/entity/Q390100,,Point(42.7191 38.8334),,,,
Q390012,,Kimūnah,,https://database.factgrid.de/entity/Q390012,,Point(42.7304 36.7713),,,,
Q390094,,Malazgirt,,https://database.factgrid.de/entity/Q390094,,Point(42.5409 39.1461),,,,
Q390088,,Süngütaşı,,https://database.factgrid.de/entity/Q390088,,Point(42.2432 40.2139),,,,
Q390016,,Kūy Sīnjāq,,https://database.factgrid.de/entity/Q390016,,Point(44.6278 36.0847),,,,
Q390091,,Aras,,https://database.factgrid.de/entity/Q390091,,Point(42.3081 39.9893),,,,
Q390064,,Bağin,,https://database.factgrid.de/entity/Q390064,,Point(39.9002 39.0034),,,,
Q390018,,Bakr Awa,,https://database.factgrid.de/entity/Q390018,,Point(45.9403 35.2215),,,,
Q390071,,Mardin,,https://database.factgrid.de/entity/Q390071,,Point(40.7178 37.3246),,,,
Q390080,,Koçyatağı,,https://database.factgrid.de/entity/Q390080,,Point(41.4978 39.2805),,,,
Q390081,,Donatım,,https://database.factgrid.de/entity/Q390081,,Point(41.5317 38.7187),,,,
Q390042,,Karacaören,,https://database.factgrid.de/entity/Q390042,,Point(36.7554 39.8534),,,,
Q390021,,Namrīk,,https://database.factgrid.de/entity/Q390021,,Point(42.8822 36.7241),,,,
Q390066,,Bahçecik,,https://database.factgrid.de/entity/Q390066,,Point(40.0858 38.9117),,,,
Q390068,,Sarıca,,https://database.factgrid.de/entity/Q390068,,Point(40.4981 37.0445),,,,
Q390076,,Erzen,,https://database.factgrid.de/entity/Q390076,,Point(41.3849 37.978),,,,
Q390035,,Kayseri,,https://database.factgrid.de/entity/Q390035,,Point(35.4614 38.7309),,,,
Q390063,,Kaleköy,,https://database.factgrid.de/entity/Q390063,,Point(39.6584 39.0253),,,,
Q390026,,Harāt,,https://database.factgrid.de/entity/Q390026,,Point(62.1899 34.3453),,,,
Q390013,,Kūnārā,,https://database.factgrid.de/entity/Q390013,,Point(45.3594 35.5192),,,,
Q390095,,Sarıkamış,,https://database.factgrid.de/entity/Q390095,,Point(42.5796 40.3348),,,,
Q390053,,Tall Fray,uncertain (mod. Tell Fray),https://database.factgrid.de/entity/Q390053,,Point(38.3835 35.9029),,,,
Q390049,,Kenk Boǧazı,,https://database.factgrid.de/entity/Q390049,,Point(37.8436 37.2506),,,,
Q390089,,Kotanlı,,https://database.factgrid.de/entity/Q390089,,Point(42.2482 39.1412),,,,
Q390009,,Kānī Shāyah,,https://database.factgrid.de/entity/Q390009,,Point(45.1764 35.5579),,,,
,,Tell Abu-Maria,Apqu-ša-Adad,Q389803,185 | 158,Point(42.5973 36.4295),https://database.factgrid.de/entity/Q389803,Q8 | Q389596,ancient location and modern archaeological excavation site,
,,Tell Sifr,Kutalla,Q389905,167 | 210,Point(45.9672 31.2946),https://database.factgrid.de/entity/Q389905,Q8 | Q389596,ancient location and modern archaeological excavation site,
,,Assur,Aššur | Kalah Shergat | Ashur,Q390001,211 | 205,Point(43.2611 35.4557),https://database.factgrid.de/entity/Q390001,Q8 | Q389596,ancient location and modern archaeological excavation site,
,,Gasur (mod. Yorgan Tepe) : Nuzi (mod. Yorgan Tepe),Nuzi | Gasur | Yūrghān Tapah,Q89588,222,Point(44.2546 35.3717),https://database.factgrid.de/entity/Q89588,Q8,ancient location and modern archaeological excavation site,
,,Babylon,Bābīl | Amran,Q389820,200 | 299,Point(44.4258 32.535),https://database.factgrid.de/entity/Q389820,Q8 | Q389596 | Q997797,ancient location and modern archaeological excavation site,
,,Kuara,Kuara (Sumer) | Tall al-Laḥam | Tel Laham,Q389873,33 | 191,Point(45.4062 32.0509),https://database.factgrid.de/entity/Q389873,Q8 | Q389596,ancient location and modern archaeological excavation site,
,,Gišša (mod. Umm al-Aqarib),,Q389882,101 | 381,Point(45.9339 31.6207),https://database.factgrid.de/entity/Q389882,Q8 | Q389596,ancient location and modern archaeological excavation site,
,,Sirara (mod. Tell Zurghul),Nigin,Q389819,40 | 399,Point(46.4948 31.3777),https://database.factgrid.de/entity/Q389819,Q8 | Q389596,ancient location and modern archaeological excavation site,
,,al Ḥā'iṭ,Padakku,Q389806,112 | 443,Point(40.4668 25.9786),https://database.factgrid.de/entity/Q389806,Q8 | Q389596,ancient location and modern archaeological excavation site,
,,Šibaniba (mod. Tell Billa),Shibaniba | Šibaniba,Q389804,176 | 526,Point(43.3481 36.4335),https://database.factgrid.de/entity/Q389804,Q8 | Q389596,ancient location and modern archaeological excavation site,
,,Tell As-Sib,,Q389861,196 | 75,Point(45.058 34.1929),https://database.factgrid.de/entity/Q389861,Q8 | Q389596,ancient location and modern archaeological excavation site,
,,Nimrud,Kalhu | Tawfiqiyah,Q390020,81 | 229,Point(43.3385 36.1022),https://database.factgrid.de/entity/Q390020,Q8 | Q389596,ancient location and modern archaeological excavation site,
,,Kish (mod. Tell el-Bender),Kish (Sumer) | Kiš,Q390014,71 | 85 | 184 | 281 | 391 | 833,Point(44.5949 32.5455),https://database.factgrid.de/entity/Q390014,Q8 | Q389596,ancient location and modern archaeological excavation site,
,,Nineveh,Nineveh,Q390025,279 | 86 | 881,Point(43.1621 36.3582),https://database.factgrid.de/entity/Q390025,Q8 | Q389596 | Q997797,mod. Nebi Yunus; mod. Kuyunjik,
,,Shaduppum,Šaduppûm | Tell Abu Harmal,Q389895,96 | 221,Point(44.4666 33.3098),https://database.factgrid.de/entity/Q389895,Q8 | Q389596,ancient location and modern archaeological excavation site,
,,Zabala,Tell Ibzeikh | Tell Ibzaykh | Zabala | Zabalam | Ibzaih,Q389850,98 | 99,Point(45.8749 31.7436),https://database.factgrid.de/entity/Q389850,Q8 | Q389596,ancient location and modern archaeological excavation site,
,,Sidon,,Q91761,144,,https://database.factgrid.de/entity/Q91761,,,/Users/aa/Downloads/AncientSettlement_CDLI2.csv
,,Akhetaten (mod. el-Amarna),,Q389610,266,,https://database.factgrid.de/entity/Q389610,,,/Users/aa/Downloads/AncientSettlement_CDLI2.csv
,,Ben Shemen,,Q389632,111,,https://database.factgrid.de/entity/Q389632,,,/Users/aa/Downloads/AncientSettlement_CDLI2.csv
,,Qaqun,,Q389637,189,,https://database.factgrid.de/entity/Q389637,,,/Users/aa/Downloads/AncientSettlement_CDLI2.csv
,,Antipatris (mod. Tel Aphek),,Q389638,10,,https://database.factgrid.de/entity/Q389638,,,/Users/aa/Downloads/AncientSettlement_CDLI2.csv
,,Abū Fanduwā,,Q389683,115,,https://database.factgrid.de/entity/Q389683,,,/Users/aa/Downloads/AncientSettlement_CDLI2.csv
,,Tall-I Takht (mod. Pasargadae),,Q389688,198,,https://database.factgrid.de/entity/Q389688,,,/Users/aa/Downloads/AncientSettlement_CDLI2.csv
,,Tepe Sofalin,,Q389692,146,,https://database.factgrid.de/entity/Q389692,,,/Users/aa/Downloads/AncientSettlement_CDLI2.csv
,,Tepe Farukhabad,,Q389693,129,,https://database.factgrid.de/entity/Q389693,,,/Users/aa/Downloads/AncientSettlement_CDLI2.csv
,,Chogha Mish,,Q389710,137,,https://database.factgrid.de/entity/Q389710,,,/Users/aa/Downloads/AncientSettlement_CDLI2.csv
,,Sar-i-pul-i-Zohāb,,Q389716,116,,https://database.factgrid.de/entity/Q389716,,,/Users/aa/Downloads/AncientSettlement_CDLI2.csv
,,Susa (mod. Shush),,Q389723,12,,https://database.factgrid.de/entity/Q389723,,,/Users/aa/Downloads/AncientSettlement_CDLI2.csv
,,Kermanshah,,Q389732,247,,https://database.factgrid.de/entity/Q389732,,,/Users/aa/Downloads/AncientSettlement_CDLI2.csv
,,Tell Sweyhat,,Q389768,156,,https://database.factgrid.de/entity/Q389768,,,/Users/aa/Downloads/AncientSettlement_CDLI2.csv
,,Glai'a,,Q389770,173,,https://database.factgrid.de/entity/Q389770,,,/Users/aa/Downloads/AncientSettlement_CDLI2.csv
,,Tell al-Diba'i,,Q389775,148,,https://database.factgrid.de/entity/Q389775,,,/Users/aa/Downloads/AncientSettlement_CDLI2.csv
,,Nerebtum (mod. Iščali),,Q389790,245,,https://database.factgrid.de/entity/Q389790,,,/Users/aa/Downloads/AncientSettlement_CDLI2.csv
,,Umm el-Hafriyat,,Q389792,268,,https://database.factgrid.de/entity/Q389792,,,/Users/aa/Downloads/AncientSettlement_CDLI2.csv
,,Ishan-Dhahak,,Q389798,138,,https://database.factgrid.de/entity/Q389798,,,/Users/aa/Downloads/AncientSettlement_CDLI2.csv
,,Tell Abu-Maria,,Q389803,158,,https://database.factgrid.de/entity/Q389803,,,/Users/aa/Downloads/AncientSettlement_CDLI2.csv
,,al Ḥā'iṭ,,Q389806,112,,https://database.factgrid.de/entity/Q389806,,,/Users/aa/Downloads/AncientSettlement_CDLI2.csv
,,Imgur-Enlil (mod. Balawat),,Q389827,275,,https://database.factgrid.de/entity/Q389827,,,/Users/aa/Downloads/AncientSettlement_CDLI2.csv
,,Umma (mod. Tell Jokha),,Q389833,154,,https://database.factgrid.de/entity/Q389833,,,/Users/aa/Downloads/AncientSettlement_CDLI2.csv
,,Sippar-Yahrurum (mod. Tell Abu Habbah),,Q389840,25,,https://database.factgrid.de/entity/Q389840,,,/Users/aa/Downloads/AncientSettlement_CDLI2.csv
,,Maškan-šapir (mod. Tell Abu Duwari),,Q389841,192,,https://database.factgrid.de/entity/Q389841,,,/Users/aa/Downloads/AncientSettlement_CDLI2.csv
,,Kutha (mod. Tell Ibrahim),,Q389848,23,,https://database.factgrid.de/entity/Q389848,,,/Users/aa/Downloads/AncientSettlement_CDLI2.csv
,,Terqa (mod. Ashara),,Q389853,250,,https://database.factgrid.de/entity/Q389853,,,/Users/aa/Downloads/AncientSettlement_CDLI2.csv
,,Tuttul (mod. Tell Bi'a),,Q389854,26,,https://database.factgrid.de/entity/Q389854,,,/Users/aa/Downloads/AncientSettlement_CDLI2.csv
,,Tell Hammam,,Q389856,113,,https://database.factgrid.de/entity/Q389856,,,/Users/aa/Downloads/AncientSettlement_CDLI2.csv
,,Sippar-Amnanum (mod. Tell ed-Der),,Q389858,2,,https://database.factgrid.de/entity/Q389858,,,/Users/aa/Downloads/AncientSettlement_CDLI2.csv
,,Qatara (mod. Tell al Rimah),,Q389859,242,,https://database.factgrid.de/entity/Q389859,,,/Users/aa/Downloads/AncientSettlement_CDLI2.csv
,,Larsa (mod. Tell as-Senkereh),,Q389860,168,,https://database.factgrid.de/entity/Q389860,,,/Users/aa/Downloads/AncientSettlement_CDLI2.csv
,,Tell As-Sib,,Q389861,196,,https://database.factgrid.de/entity/Q389861,,,/Users/aa/Downloads/AncientSettlement_CDLI2.csv
,,Ḫarbe (mod. Tell Chuera),,Q389862,204,,https://database.factgrid.de/entity/Q389862,,,/Users/aa/Downloads/AncientSettlement_CDLI2.csv
,,Dur-Katlimmu (mod. Tall Shekh Hamad),,Q389863,135,,https://database.factgrid.de/entity/Q389863,,,/Users/aa/Downloads/AncientSettlement_CDLI2.csv
,,Alalakh,,Q389868,162,,https://database.factgrid.de/entity/Q389868,,,/Users/aa/Downloads/AncientSettlement_CDLI2.csv
,,Bad-Tibira (mod. Tell Medinah),,Q389875,133,,https://database.factgrid.de/entity/Q389875,,,/Users/aa/Downloads/AncientSettlement_CDLI2.csv
,,Ur (mod. Tell Muqayyar),,Q389877,21,,https://database.factgrid.de/entity/Q389877,,,/Users/aa/Downloads/AncientSettlement_CDLI2.csv
,,Gišša (mod. Umm al-Aqarib),,Q389882,101,,https://database.factgrid.de/entity/Q389882,,,/Users/aa/Downloads/AncientSettlement_CDLI2.csv
,,Nagar (mod. Tell Brak),,Q389886,217,,https://database.factgrid.de/entity/Q389886,,,/Users/aa/Downloads/AncientSettlement_CDLI2.csv
,,Nabada,,Q389891,260,,https://database.factgrid.de/entity/Q389891,,,/Users/aa/Downloads/AncientSettlement_CDLI2.csv
,,Me-Turran (mod. Tell Haddad),,Q389894,149,,https://database.factgrid.de/entity/Q389894,,,/Users/aa/Downloads/AncientSettlement_CDLI2.csv
,,Mari (mod. Tell Hariri),,Q389896,161,,https://database.factgrid.de/entity/Q389896,,,/Users/aa/Downloads/AncientSettlement_CDLI2.csv
,,Tall Halawah,,Q389897,235,,https://database.factgrid.de/entity/Q389897,,,/Users/aa/Downloads/AncientSettlement_CDLI2.csv
,,Tell Sifr,,Q389905,210,,https://database.factgrid.de/entity/Q389905,,,/Users/aa/Downloads/AncientSettlement_CDLI2.csv
,,Ašnakkum,,Q389910,136,,https://database.factgrid.de/entity/Q389910,,,/Users/aa/Downloads/AncientSettlement_CDLI2.csv
,,Marad (mod. Wanna-wa-Sadum),,Q389914,223,,https://database.factgrid.de/entity/Q389914,,,/Users/aa/Downloads/AncientSettlement_CDLI2.csv
,,Der (mod. Tell Aqar),,Q389922,178,,https://database.factgrid.de/entity/Q389922,,,/Users/aa/Downloads/AncientSettlement_CDLI2.csv
,,Dur-Kurigalzu (mod. Aqar Quf),,Q389923,13,,https://database.factgrid.de/entity/Q389923,,,/Users/aa/Downloads/AncientSettlement_CDLI2.csv
,,Emar (mod. Tell Meskene),,Q389940,143,,https://database.factgrid.de/entity/Q389940,,,/Users/aa/Downloads/AncientSettlement_CDLI2.csv
,,Ekalte (mod. Tell Munbaqa),,Q389941,214,,https://database.factgrid.de/entity/Q389941,,,/Users/aa/Downloads/AncientSettlement_CDLI2.csv
,,Urkesh (mod. Tell Mozan),,Q389942,254,,https://database.factgrid.de/entity/Q389942,,,/Users/aa/Downloads/AncientSettlement_CDLI2.csv
,,Larak (mod. Tell Wilayah) : Kesh (mod. Wilaya ?),,Q389944,132,,https://database.factgrid.de/entity/Q389944,,,/Users/aa/Downloads/AncientSettlement_CDLI2.csv
,,Tulul Abu Jawan,,Q389947,121,,https://database.factgrid.de/entity/Q389947,,,/Users/aa/Downloads/AncientSettlement_CDLI2.csv
,,Tell al-Baqarat,,Q389949,148,,https://database.factgrid.de/entity/Q389949,,,/Users/aa/Downloads/AncientSettlement_CDLI2.csv
,,Karkemish (mod. Djerabis),,Q389957,270,,https://database.factgrid.de/entity/Q389957,,,/Users/aa/Downloads/AncientSettlement_CDLI2.csv
,,Jerwan,,Q389958,142,,https://database.factgrid.de/entity/Q389958,,,/Users/aa/Downloads/AncientSettlement_CDLI2.csv
,,Jemdet Nasr,,Q389960,159,,https://database.factgrid.de/entity/Q389960,,,/Users/aa/Downloads/AncientSettlement_CDLI2.csv
,,Khan Haswa,,Q389966,19,,https://database.factgrid.de/entity/Q389966,,,/Users/aa/Downloads/AncientSettlement_CDLI2.csv
,,Tutub (mod. Khafaje),,Q389968,130,,https://database.factgrid.de/entity/Q389968,,,/Users/aa/Downloads/AncientSettlement_CDLI2.csv
,,Diqdiqqah,,Q389971,153,,https://database.factgrid.de/entity/Q389971,,,/Users/aa/Downloads/AncientSettlement_CDLI2.csv
,,Dura-Europus,,Q389973,220,,https://database.factgrid.de/entity/Q389973,,,/Users/aa/Downloads/AncientSettlement_CDLI2.csv
,,Ugarit (mod. Ras Shamra),,Q389975,131,,https://database.factgrid.de/entity/Q389975,,,/Users/aa/Downloads/AncientSettlement_CDLI2.csv
,,Seleucia,,Q389986,120,,https://database.factgrid.de/entity/Q389986,,,/Users/aa/Downloads/AncientSettlement_CDLI2.csv
,,Sulaiymah,,Q389987,174,,https://database.factgrid.de/entity/Q389987,,,/Users/aa/Downloads/AncientSettlement_CDLI2.csv
,,'Anah,,Q390000,194,,https://database.factgrid.de/entity/Q390000,,,/Users/aa/Downloads/AncientSettlement_CDLI2.csv
,,Assur,,Q390001,211,,https://database.factgrid.de/entity/Q390001,,,/Users/aa/Downloads/AncientSettlement_CDLI2.csv
,,Arrapha (mod. Kirkuk),,Q390010,165,,https://database.factgrid.de/entity/Q390010,,,/Users/aa/Downloads/AncientSettlement_CDLI2.csv
,,Nihavand,,Q390022,28,,https://database.factgrid.de/entity/Q390022,,,/Users/aa/Downloads/AncientSettlement_CDLI2.csv
,,Kabnak (mod. Haft Tepe),,Q390027,100,,https://database.factgrid.de/entity/Q390027,,,/Users/aa/Downloads/AncientSettlement_CDLI2.csv
,,Hamadan,,Q390028,117,,https://database.factgrid.de/entity/Q390028,,,/Users/aa/Downloads/AncientSettlement_CDLI2.csv
,,Uruk (mod. Warka),,Q390030,105,,https://database.factgrid.de/entity/Q390030,,,/Users/aa/Downloads/AncientSettlement_CDLI2.csv
,,Yasuj,,Q390032,188,,https://database.factgrid.de/entity/Q390032,,,/Users/aa/Downloads/AncientSettlement_CDLI2.csv
,,Ankuwa,,Q390034,227,,https://database.factgrid.de/entity/Q390034,,,/Users/aa/Downloads/AncientSettlement_CDLI2.csv
,,Šarišša,,Q390044,190,,https://database.factgrid.de/entity/Q390044,,,/Users/aa/Downloads/AncientSettlement_CDLI2.csv
,,Kizkapanlı,,Q390047,20,,https://database.factgrid.de/entity/Q390047,,,/Users/aa/Downloads/AncientSettlement_CDLI2.csv
,,Harran (mod. Harran),,Q390059,202,,https://database.factgrid.de/entity/Q390059,,,/Users/aa/Downloads/AncientSettlement_CDLI2.csv
,,Kurkh,,Q390069,230,,https://database.factgrid.de/entity/Q390069,,,/Users/aa/Downloads/AncientSettlement_CDLI2.csv
,,Tushhan (mod. Ziyaret Tepe),,Q390073,244,,https://database.factgrid.de/entity/Q390073,,,/Users/aa/Downloads/AncientSettlement_CDLI2.csv
,,Sur Jar'a,,Q390087,199,,https://database.factgrid.de/entity/Q390087,,,/Users/aa/Downloads/AncientSettlement_CDLI2.csv
,,Judi Dagh,,Q390092,224,,https://database.factgrid.de/entity/Q390092,,,/Users/aa/Downloads/AncientSettlement_CDLI2.csv
,,"Toprakkale, Eastern Anatolia",,Q390128,218,,https://database.factgrid.de/entity/Q390128,,,/Users/aa/Downloads/AncientSettlement_CDLI2.csv
,,Alu-šabtu,,Q2099906,239,,https://database.factgrid.de/entity/Q2099906,,,/Users/aa/Downloads/AncientSettlement_CDLI2.csv
,,Ba-milkišu,,Q2099911,17,,https://database.factgrid.de/entity/Q2099911,,,/Users/aa/Downloads/AncientSettlement_CDLI2.csv
,,Bit-ḫulummu,,Q2099920,236,,https://database.factgrid.de/entity/Q2099920,,,/Users/aa/Downloads/AncientSettlement_CDLI2.csv
,,Bit-ṭab-bel,,Q2099926,125,,https://database.factgrid.de/entity/Q2099926,,,/Users/aa/Downloads/AncientSettlement_CDLI2.csv
,,Ecbatana,,Q2099933,147,,https://database.factgrid.de/entity/Q2099933,,,/Users/aa/Downloads/AncientSettlement_CDLI2.csv
,,Girigu,,Q2099941,128,,https://database.factgrid.de/entity/Q2099941,,,/Users/aa/Downloads/AncientSettlement_CDLI2.csv
,,Himeri,,Q2099949,213,,https://database.factgrid.de/entity/Q2099949,,,/Users/aa/Downloads/AncientSettlement_CDLI2.csv
,,Hummanu,,Q2099953,225,,https://database.factgrid.de/entity/Q2099953,,,/Users/aa/Downloads/AncientSettlement_CDLI2.csv
,,Hurruba,,Q2099954,175,,https://database.factgrid.de/entity/Q2099954,,,/Users/aa/Downloads/AncientSettlement_CDLI2.csv
,,Kar-bel-matati,,Q2099961,141,,https://database.factgrid.de/entity/Q2099961,,,/Users/aa/Downloads/AncientSettlement_CDLI2.csv
,,Kar-Nabu,,Q2099962,134,,https://database.factgrid.de/entity/Q2099962,,,/Users/aa/Downloads/AncientSettlement_CDLI2.csv
,,Lagaba,,Q2099969,16,,https://database.factgrid.de/entity/Q2099969,,,/Users/aa/Downloads/AncientSettlement_CDLI2.csv
,,Mah-i-dasht plain,,Q2099973,18,,https://database.factgrid.de/entity/Q2099973,,,/Users/aa/Downloads/AncientSettlement_CDLI2.csv
,,Naḫalla,,Q2099976,201,,https://database.factgrid.de/entity/Q2099976,,,/Users/aa/Downloads/AncientSettlement_CDLI2.csv
,,Nessana,,Q2099979,238,,https://database.factgrid.de/entity/Q2099979,,,/Users/aa/Downloads/AncientSettlement_CDLI2.csv
,,Tulūl Yassir,,Q2100032,172,,https://database.factgrid.de/entity/Q2100032,,,/Users/aa/Downloads/AncientSettlement_CDLI2.csv
,,Udannu,,Q2100033,152,,https://database.factgrid.de/entity/Q2100033,,,/Users/aa/Downloads/AncientSettlement_CDLI2.csv
,,Uhudu,,Q2100034,145,,https://database.factgrid.de/entity/Q2100034,,,/Users/aa/Downloads/AncientSettlement_CDLI2.csv
,,"Kastri, Cythera",,Q389626,415,,https://database.factgrid.de/entity/Q389626,,,/Users/aa/Downloads/AncientSettlement_CDLI2.csv
,,Asdūdu (mod. Ashdod),,Q389630,364,,https://database.factgrid.de/entity/Q389630,,,/Users/aa/Downloads/AncientSettlement_CDLI2.csv
,,Habuba Kabira,,Q389670,44,,https://database.factgrid.de/entity/Q389670,,,/Users/aa/Downloads/AncientSettlement_CDLI2.csv
,,Tell en-Nasbeh,,Q389676,312,,https://database.factgrid.de/entity/Q389676,,,/Users/aa/Downloads/AncientSettlement_CDLI2.csv
,,Hazor,,Q389677,46,,https://database.factgrid.de/entity/Q389677,,,/Users/aa/Downloads/AncientSettlement_CDLI2.csv
,,Hissar,,Q389689,4,,https://database.factgrid.de/entity/Q389689,,,/Users/aa/Downloads/AncientSettlement_CDLI2.csv
,,Tepe Gotvand,,Q389695,140,,https://database.factgrid.de/entity/Q389695,,,/Users/aa/Downloads/AncientSettlement_CDLI2.csv
,,Ghazir,,Q389700,284,,https://database.factgrid.de/entity/Q389700,,,/Users/aa/Downloads/AncientSettlement_CDLI2.csv
,,Anšan (mod. Tell Malyan),,Q389701,286,,https://database.factgrid.de/entity/Q389701,,,/Users/aa/Downloads/AncientSettlement_CDLI2.csv
,,Surkh Dum (mod. Luristan),,Q389717,400,,https://database.factgrid.de/entity/Q389717,,,/Users/aa/Downloads/AncientSettlement_CDLI2.csv
,,Shahr-i Sokhta,,Q389722,309,,https://database.factgrid.de/entity/Q389722,,,/Users/aa/Downloads/AncientSettlement_CDLI2.csv
,,Qasr-i Abu Nasr (mod. uncertain),,Q389727,11,,https://database.factgrid.de/entity/Q389727,,,/Users/aa/Downloads/AncientSettlement_CDLI2.csv
,,Kam-Firouz,,Q389731,414,,https://database.factgrid.de/entity/Q389731,,,/Users/aa/Downloads/AncientSettlement_CDLI2.csv
,,Konar Sandal,,Q389734,416,,https://database.factgrid.de/entity/Q389734,,,/Users/aa/Downloads/AncientSettlement_CDLI2.csv
,,Naqish-e Rostam,,Q389745,422,,https://database.factgrid.de/entity/Q389745,,,/Users/aa/Downloads/AncientSettlement_CDLI2.csv
,,Kish (mod. Tell Barguthiat),,Q389777,361,,https://database.factgrid.de/entity/Q389777,,,/Users/aa/Downloads/AncientSettlement_CDLI2.csv
,,Eridu (mod. Abu Shahrain),,Q389787,59,,https://database.factgrid.de/entity/Q389787,,,/Users/aa/Downloads/AncientSettlement_CDLI2.csv
,,Mugdan,,Q389791,3,,https://database.factgrid.de/entity/Q389791,,,/Users/aa/Downloads/AncientSettlement_CDLI2.csv
,,Upi (mod. Opis),,Q389795,55,,https://database.factgrid.de/entity/Q389795,,,/Users/aa/Downloads/AncientSettlement_CDLI2.csv
,,Kisurra (mod. Abu Hatab),,Q389796,314,,https://database.factgrid.de/entity/Q389796,,,/Users/aa/Downloads/AncientSettlement_CDLI2.csv
,,Šibaniba (mod. Tell Billa),,Q389804,176,,https://database.factgrid.de/entity/Q389804,,,/Users/aa/Downloads/AncientSettlement_CDLI2.csv
,,al Ḥā'iṭ,,Q389806,443,,https://database.factgrid.de/entity/Q389806,,,/Users/aa/Downloads/AncientSettlement_CDLI2.csv
,,Sirara (mod. Tell Zurghul),,Q389819,40,,https://database.factgrid.de/entity/Q389819,,,/Users/aa/Downloads/AncientSettlement_CDLI2.csv
,,Babylon,,Q389820,299,,https://database.factgrid.de/entity/Q389820,,,/Users/aa/Downloads/AncientSettlement_CDLI2.csv
,,Babylon,,Q389820,200,,https://database.factgrid.de/entity/Q389820,,,/Users/aa/Downloads/AncientSettlement_CDLI2.csv
,,Pāra,,Q389821,27,,https://database.factgrid.de/entity/Q389821,,,/Users/aa/Downloads/AncientSettlement_CDLI2.csv
,,Bassetki,,Q389822,24,,https://database.factgrid.de/entity/Q389822,,,/Users/aa/Downloads/AncientSettlement_CDLI2.csv
,,Ešnunna (mod. Tell Asmar),,Q389831,91,,https://database.factgrid.de/entity/Q389831,,,/Users/aa/Downloads/AncientSettlement_CDLI2.csv
,,Tepe Sialk,,Q389835,74,,https://database.factgrid.de/entity/Q389835,,,/Users/aa/Downloads/AncientSettlement_CDLI2.csv
,,Palmyra,,Q389837,155,,https://database.factgrid.de/entity/Q389837,,,/Users/aa/Downloads/AncientSettlement_CDLI2.csv
,,Tell Abu Salabikh,,Q389843,73,,https://database.factgrid.de/entity/Q389843,,,/Users/aa/Downloads/AncientSettlement_CDLI2.csv
,,Tall Abū ‘Antīk,,Q389844,298,,https://database.factgrid.de/entity/Q389844,,,/Users/aa/Downloads/AncientSettlement_CDLI2.csv
,,Tell Abu Qubur,,Q389845,233,,https://database.factgrid.de/entity/Q389845,,,/Users/aa/Downloads/AncientSettlement_CDLI2.csv
,,Til Barsip (mod. Tell Ahmar),,Q389846,304,,https://database.factgrid.de/entity/Q389846,,,/Users/aa/Downloads/AncientSettlement_CDLI2.csv
,,Old Makhmur,,Q389849,264,,https://database.factgrid.de/entity/Q389849,,,/Users/aa/Downloads/AncientSettlement_CDLI2.csv
,,Zabala,,Q389850,98,,https://database.factgrid.de/entity/Q389850,,,/Users/aa/Downloads/AncientSettlement_CDLI2.csv
,,Zabala,,Q389850,99,,https://database.factgrid.de/entity/Q389850,,,/Users/aa/Downloads/AncientSettlement_CDLI2.csv
,,Tell Fakhariyah,,Q389870,32,,https://database.factgrid.de/entity/Q389870,,,/Users/aa/Downloads/AncientSettlement_CDLI2.csv
,,Kuara,,Q389873,33,,https://database.factgrid.de/entity/Q389873,,,/Users/aa/Downloads/AncientSettlement_CDLI2.csv
,,Kuara,,Q389873,191,,https://database.factgrid.de/entity/Q389873,,,/Users/aa/Downloads/AncientSettlement_CDLI2.csv
,,Lagash (mod. El-Hiba),,Q389880,39,,https://database.factgrid.de/entity/Q389880,,,/Users/aa/Downloads/AncientSettlement_CDLI2.csv
,,Garšana (mod. uncertain),,Q389888,38,,https://database.factgrid.de/entity/Q389888,,,/Users/aa/Downloads/AncientSettlement_CDLI2.csv
,,Shaduppum,,Q389895,221,,https://database.factgrid.de/entity/Q389895,,,/Users/aa/Downloads/AncientSettlement_CDLI2.csv
,,Tell Hammam et-Turkman,,Q389899,36,,https://database.factgrid.de/entity/Q389899,,,/Users/aa/Downloads/AncientSettlement_CDLI2.csv
,,Tell Subeidi,,Q389904,433,,https://database.factgrid.de/entity/Q389904,,,/Users/aa/Downloads/AncientSettlement_CDLI2.csv
,,Tarbisu (mod. Tell Sherif Khan),,Q389911,84,,https://database.factgrid.de/entity/Q389911,,,/Users/aa/Downloads/AncientSettlement_CDLI2.csv
,,Susarra (mod. Tell Shemshara),,Q389912,401,,https://database.factgrid.de/entity/Q389912,,,/Users/aa/Downloads/AncientSettlement_CDLI2.csv
,,Amuda,,Q389917,179,,https://database.factgrid.de/entity/Q389917,,,/Users/aa/Downloads/AncientSettlement_CDLI2.csv
,,Tell Uqair,,Q389924,72,,https://database.factgrid.de/entity/Q389924,,,/Users/aa/Downloads/AncientSettlement_CDLI2.csv
,,Tell Muhammad,,Q389935,7,,https://database.factgrid.de/entity/Q389935,,,/Users/aa/Downloads/AncientSettlement_CDLI2.csv
,,Tell Yarah,,Q389945,219,,https://database.factgrid.de/entity/Q389945,,,/Users/aa/Downloads/AncientSettlement_CDLI2.csv
,,Tulul al-Lak,,Q389950,107,,https://database.factgrid.de/entity/Q389950,,,/Users/aa/Downloads/AncientSettlement_CDLI2.csv
,,Jebel Aruda,,Q389953,42,,https://database.factgrid.de/entity/Q389953,,,/Users/aa/Downloads/AncientSettlement_CDLI2.csv
,,Gubla (mod. Byblos),,Q389955,47,,https://database.factgrid.de/entity/Q389955,,,/Users/aa/Downloads/AncientSettlement_CDLI2.csv
,,Jedide,,Q389956,93,,https://database.factgrid.de/entity/Q389956,,,/Users/aa/Downloads/AncientSettlement_CDLI2.csv
,,Jīroft,,Q389961,169,,https://database.factgrid.de/entity/Q389961,,,/Users/aa/Downloads/AncientSettlement_CDLI2.csv
,,Rabat Tepe,,Q389977,297,,https://database.factgrid.de/entity/Q389977,,,/Users/aa/Downloads/AncientSettlement_CDLI2.csv
,,el-Ghab,,Q389978,60,,https://database.factgrid.de/entity/Q389978,,,/Users/aa/Downloads/AncientSettlement_CDLI2.csv
,,Zalil Ab,,Q389979,58,,https://database.factgrid.de/entity/Q389979,,,/Users/aa/Downloads/AncientSettlement_CDLI2.csv
,,Kian (Tell Shmid),,Q389988,360,,https://database.factgrid.de/entity/Q389988,,,/Users/aa/Downloads/AncientSettlement_CDLI2.csv
,,"Dilmun (mod. A'ali, Bahrain)",,Q389998,376,,https://database.factgrid.de/entity/Q389998,,,/Users/aa/Downloads/AncientSettlement_CDLI2.csv
,,Kish (mod. Tell el-Bender),,Q390014,71,,https://database.factgrid.de/entity/Q390014,,,/Users/aa/Downloads/AncientSettlement_CDLI2.csv
,,Kish (mod. Tell el-Bender),,Q390014,85,,https://database.factgrid.de/entity/Q390014,,,/Users/aa/Downloads/AncientSettlement_CDLI2.csv
,,Nippur (mod. Nuffar),,Q390017,22,,https://database.factgrid.de/entity/Q390017,,,/Users/aa/Downloads/AncientSettlement_CDLI2.csv
,,Negub tunnel,,Q390019,273,,https://database.factgrid.de/entity/Q390019,,,/Users/aa/Downloads/AncientSettlement_CDLI2.csv
,,Tappika,,Q390037,5,,https://database.factgrid.de/entity/Q390037,,,/Users/aa/Downloads/AncientSettlement_CDLI2.csv
,,Samal (mod. Zinčirli),,Q390040,14,,https://database.factgrid.de/entity/Q390040,,,/Users/aa/Downloads/AncientSettlement_CDLI2.csv
,,Marqasu (mod. Kahramanmaraş),,Q390045,394,,https://database.factgrid.de/entity/Q390045,,,/Users/aa/Downloads/AncientSettlement_CDLI2.csv
,,Melidu (mod. Arslantepe),,Q390052,395,,https://database.factgrid.de/entity/Q390052,,,/Users/aa/Downloads/AncientSettlement_CDLI2.csv
,,Aşağı Yarımca,,Q390057,310,,https://database.factgrid.de/entity/Q390057,,,/Users/aa/Downloads/AncientSettlement_CDLI2.csv
,,Pir Huseyin,,Q390067,246,,https://database.factgrid.de/entity/Q390067,,,/Users/aa/Downloads/AncientSettlement_CDLI2.csv
,,Giricano,,Q390072,150,,https://database.factgrid.de/entity/Q390072,,,/Users/aa/Downloads/AncientSettlement_CDLI2.csv
,,Kebeli,,Q390084,66,,https://database.factgrid.de/entity/Q390084,,,/Users/aa/Downloads/AncientSettlement_CDLI2.csv
,,Yoncali,,Q390086,78,,https://database.factgrid.de/entity/Q390086,,,/Users/aa/Downloads/AncientSettlement_CDLI2.csv
,,Mila Mergi,,Q390107,62,,https://database.factgrid.de/entity/Q390107,,,/Users/aa/Downloads/AncientSettlement_CDLI2.csv
,,Irisagrig,,Q390161,48,,https://database.factgrid.de/entity/Q390161,,,/Users/aa/Downloads/AncientSettlement_CDLI2.csv
,,Umm al-Wawīya,,Q390163,215,,https://database.factgrid.de/entity/Q390163,,,/Users/aa/Downloads/AncientSettlement_CDLI2.csv
,,Abu Sêcher,,Q2099892,123,,https://database.factgrid.de/entity/Q2099892,,,/Users/aa/Downloads/AncientSettlement_CDLI2.csv
,,Adabilu,,Q2099893,362,,https://database.factgrid.de/entity/Q2099893,,,/Users/aa/Downloads/AncientSettlement_CDLI2.csv
,,Agamatanu,,Q2099895,56,,https://database.factgrid.de/entity/Q2099895,,,/Users/aa/Downloads/AncientSettlement_CDLI2.csv
,,Alu-ša-šuma-ukin,,Q2099904,203,,https://database.factgrid.de/entity/Q2099904,,,/Users/aa/Downloads/AncientSettlement_CDLI2.csv
,,Bīt-Bāba-ēriš,,Q2099915,368,,https://database.factgrid.de/entity/Q2099915,,,/Users/aa/Downloads/AncientSettlement_CDLI2.csv
,,Bīt-Dibušiti,,Q2099917,369,,https://database.factgrid.de/entity/Q2099917,,,/Users/aa/Downloads/AncientSettlement_CDLI2.csv
,,Bīt-ham...,,Q2099919,372,,https://database.factgrid.de/entity/Q2099919,,,/Users/aa/Downloads/AncientSettlement_CDLI2.csv
,,Bīt-Naʾinnašu,,Q2099923,371,,https://database.factgrid.de/entity/Q2099923,,,/Users/aa/Downloads/AncientSettlement_CDLI2.csv
,,Bīt-Šinqā,,Q2099925,373,,https://database.factgrid.de/entity/Q2099925,,,/Users/aa/Downloads/AncientSettlement_CDLI2.csv
,,Bit-zerija,,Q2099927,31,,https://database.factgrid.de/entity/Q2099927,,,/Users/aa/Downloads/AncientSettlement_CDLI2.csv
,,Dusabar,,Q2099932,45,,https://database.factgrid.de/entity/Q2099932,,,/Users/aa/Downloads/AncientSettlement_CDLI2.csv
,,Ešura,,Q2099938,379,,https://database.factgrid.de/entity/Q2099938,,,/Users/aa/Downloads/AncientSettlement_CDLI2.csv
,,Kapru,,Q2099960,37,,https://database.factgrid.de/entity/Q2099960,,,/Users/aa/Downloads/AncientSettlement_CDLI2.csv
,,Kumu,,Q2099968,151,,https://database.factgrid.de/entity/Q2099968,,,/Users/aa/Downloads/AncientSettlement_CDLI2.csv
,,Nar-Madanu,,Q2099977,313,,https://database.factgrid.de/entity/Q2099977,,,/Users/aa/Downloads/AncientSettlement_CDLI2.csv
,,Naṣir,,Q2099978,63,,https://database.factgrid.de/entity/Q2099978,,,/Users/aa/Downloads/AncientSettlement_CDLI2.csv
,,Qaṭibat,,Q2099982,76,,https://database.factgrid.de/entity/Q2099982,,,/Users/aa/Downloads/AncientSettlement_CDLI2.csv
,,Qatuna,,Q2099984,61,,https://database.factgrid.de/entity/Q2099984,,,/Users/aa/Downloads/AncientSettlement_CDLI2.csv
,,Šašrum,,Q2099991,186,,https://database.factgrid.de/entity/Q2099991,,,/Users/aa/Downloads/AncientSettlement_CDLI2.csv
,,Ṣurmeš,,Q2099994,70,,https://database.factgrid.de/entity/Q2099994,,,/Users/aa/Downloads/AncientSettlement_CDLI2.csv
,,Surru,,Q2099995,29,,https://database.factgrid.de/entity/Q2099995,,,/Users/aa/Downloads/AncientSettlement_CDLI2.csv
,,Tell Khaiber,,Q2100021,635,,https://database.factgrid.de/entity/Q2100021,,,/Users/aa/Downloads/AncientSettlement_CDLI2.csv
,,Tigunānum,,Q2100023,51,,https://database.factgrid.de/entity/Q2100023,,,/Users/aa/Downloads/AncientSettlement_CDLI2.csv
,,Isqalluna (mod. Ashkelon),,Q82414,251,,https://database.factgrid.de/entity/Q82414,,,/Users/aa/Downloads/AncientSettlement_CDLI2.csv
,,Hamath (mod. Hama),,Q85914,384,,https://database.factgrid.de/entity/Q85914,,,/Users/aa/Downloads/AncientSettlement_CDLI2.csv
,,Thêbai (mod. Thebes Beoticia Greece),,Q92481,403,,https://database.factgrid.de/entity/Q92481,,,/Users/aa/Downloads/AncientSettlement_CDLI2.csv
,,Kabret,,Q389620,413,,https://database.factgrid.de/entity/Q389620,,,/Users/aa/Downloads/AncientSettlement_CDLI2.csv
,,Suez,,Q389621,427,,https://database.factgrid.de/entity/Q389621,,,/Users/aa/Downloads/AncientSettlement_CDLI2.csv
,,Megiddo,,Q389635,272,,https://database.factgrid.de/entity/Q389635,,,/Users/aa/Downloads/AncientSettlement_CDLI2.csv
,,Timnah (mod. Khirbet Tibneh),,Q389640,404,,https://database.factgrid.de/entity/Q389640,,,/Users/aa/Downloads/AncientSettlement_CDLI2.csv
,,Ḫattusa (mod. Boğazkale),,Q389658,171,,https://database.factgrid.de/entity/Q389658,,,/Users/aa/Downloads/AncientSettlement_CDLI2.csv
,,Tell Taanach,,Q389678,435,,https://database.factgrid.de/entity/Q389678,,,/Users/aa/Downloads/AncientSettlement_CDLI2.csv
,,Behistun,,Q389687,237,,https://database.factgrid.de/entity/Q389687,,,/Users/aa/Downloads/AncientSettlement_CDLI2.csv
,,Shadad,,Q389721,280,,https://database.factgrid.de/entity/Q389721,,,/Users/aa/Downloads/AncientSettlement_CDLI2.csv
,,Kišesim (mod. Najafabad),,Q389744,392,,https://database.factgrid.de/entity/Q389744,,,/Users/aa/Downloads/AncientSettlement_CDLI2.csv
,,Gavar,,Q389752,752,,https://database.factgrid.de/entity/Q389752,,,/Users/aa/Downloads/AncientSettlement_CDLI2.csv
,,Ishan Hafudh,,Q389797,301,,https://database.factgrid.de/entity/Q389797,,,/Users/aa/Downloads/AncientSettlement_CDLI2.csv
,,Mazyad,,Q389799,262,,https://database.factgrid.de/entity/Q389799,,,/Users/aa/Downloads/AncientSettlement_CDLI2.csv
,,Isin (mod. Bahriyat),,Q389800,303,,https://database.factgrid.de/entity/Q389800,,,/Users/aa/Downloads/AncientSettlement_CDLI2.csv
,,Dawali,,Q389810,277,,https://database.factgrid.de/entity/Q389810,,,/Users/aa/Downloads/AncientSettlement_CDLI2.csv
,,Umm Chatil,,Q389815,278,,https://database.factgrid.de/entity/Q389815,,,/Users/aa/Downloads/AncientSettlement_CDLI2.csv
,,Sirara (mod. Tell Zurghul),,Q389819,399,,https://database.factgrid.de/entity/Q389819,,,/Users/aa/Downloads/AncientSettlement_CDLI2.csv
,,Bavian,,Q389823,240,,https://database.factgrid.de/entity/Q389823,,,/Users/aa/Downloads/AncientSettlement_CDLI2.csv
,,Tepe Gawra,,Q389836,285,,https://database.factgrid.de/entity/Q389836,,,/Users/aa/Downloads/AncientSettlement_CDLI2.csv
,,Hadidi,,Q389855,248,,https://database.factgrid.de/entity/Q389855,,,/Users/aa/Downloads/AncientSettlement_CDLI2.csv
,,Dilbat (mod. Deilam),,Q389857,253,,https://database.factgrid.de/entity/Q389857,,,/Users/aa/Downloads/AncientSettlement_CDLI2.csv
,,Burmarina (mod. Tell Shiukh Fawqani),,Q389864,365,,https://database.factgrid.de/entity/Q389864,,,/Users/aa/Downloads/AncientSettlement_CDLI2.csv
,,Tunip (mod. Acharneh),,Q389867,405,,https://database.factgrid.de/entity/Q389867,,,/Users/aa/Downloads/AncientSettlement_CDLI2.csv
,,Tell al-Hawa,,Q389881,293,,https://database.factgrid.de/entity/Q389881,,,/Users/aa/Downloads/AncientSettlement_CDLI2.csv
,,Gišša (mod. Umm al-Aqarib),,Q389882,381,,https://database.factgrid.de/entity/Q389882,,,/Users/aa/Downloads/AncientSettlement_CDLI2.csv
,,Kahat (mod. Tell Barri),,Q389889,300,,https://database.factgrid.de/entity/Q389889,,,/Users/aa/Downloads/AncientSettlement_CDLI2.csv
,,Tell Sifr,,Q389905,167,,https://database.factgrid.de/entity/Q389905,,,/Users/aa/Downloads/AncientSettlement_CDLI2.csv
,,Tall Soukās,,Q389907,434,,https://database.factgrid.de/entity/Q389907,,,/Users/aa/Downloads/AncientSettlement_CDLI2.csv
,,Šubat-Enlil (mod. Leilan),,Q389934,289,,https://database.factgrid.de/entity/Q389934,,,/Users/aa/Downloads/AncientSettlement_CDLI2.csv
,,Tell Yelkhi,,Q389946,436,,https://database.factgrid.de/entity/Q389946,,,/Users/aa/Downloads/AncientSettlement_CDLI2.csv
,,Kar-Tukulti-Ninurta (mod. Tulul al-ʿAqir),,Q389948,234,,https://database.factgrid.de/entity/Q389948,,,/Users/aa/Downloads/AncientSettlement_CDLI2.csv
,,Ras Ibn Hani,,Q389974,94,,https://database.factgrid.de/entity/Q389974,,,/Users/aa/Downloads/AncientSettlement_CDLI2.csv
,,Zawiyya,,Q389980,271,,https://database.factgrid.de/entity/Q389980,,,/Users/aa/Downloads/AncientSettlement_CDLI2.csv
,,Idu (mod. Hīt),,Q389981,387,,https://database.factgrid.de/entity/Q389981,,,/Users/aa/Downloads/AncientSettlement_CDLI2.csv
,,Saba'a,,Q389984,308,,https://database.factgrid.de/entity/Q389984,,,/Users/aa/Downloads/AncientSettlement_CDLI2.csv
,,Shir as-Sanam,,Q389989,425,,https://database.factgrid.de/entity/Q389989,,,/Users/aa/Downloads/AncientSettlement_CDLI2.csv
,,Assur,,Q390001,205,,https://database.factgrid.de/entity/Q390001,,,/Users/aa/Downloads/AncientSettlement_CDLI2.csv
,,Kilizu (mod. Qasr Shamamuk),,Q390003,302,,https://database.factgrid.de/entity/Q390003,,,/Users/aa/Downloads/AncientSettlement_CDLI2.csv
,,Dilmun (mod. Qal'at al-Bahrain),,Q390005,377,,https://database.factgrid.de/entity/Q390005,,,/Users/aa/Downloads/AncientSettlement_CDLI2.csv
,,Kish (mod. Tell el-Bender),,Q390014,281,,https://database.factgrid.de/entity/Q390014,,,/Users/aa/Downloads/AncientSettlement_CDLI2.csv
,,Kish (mod. Tell el-Bender),,Q390014,391,,https://database.factgrid.de/entity/Q390014,,,/Users/aa/Downloads/AncientSettlement_CDLI2.csv
,,Nimrud,,Q390020,229,,https://database.factgrid.de/entity/Q390020,,,/Users/aa/Downloads/AncientSettlement_CDLI2.csv
,,Nereb (mod. Neirab),,Q390024,296,,https://database.factgrid.de/entity/Q390024,,,/Users/aa/Downloads/AncientSettlement_CDLI2.csv
,,Nineveh,,Q390025,86,,https://database.factgrid.de/entity/Q390025,,,/Users/aa/Downloads/AncientSettlement_CDLI2.csv
,,Ortaköy,,Q390033,283,,https://database.factgrid.de/entity/Q390033,,,/Users/aa/Downloads/AncientSettlement_CDLI2.csv
,,Kanesh (mod. Kültepe),,Q390036,291,,https://database.factgrid.de/entity/Q390036,,,/Users/aa/Downloads/AncientSettlement_CDLI2.csv
,,Turlu Höyük,,Q390048,441,,https://database.factgrid.de/entity/Q390048,,,/Users/aa/Downloads/AncientSettlement_CDLI2.csv
,,Huzirina (mod. Sultantepe),,Q390056,263,,https://database.factgrid.de/entity/Q390056,,,/Users/aa/Downloads/AncientSettlement_CDLI2.csv
,,Tell Sabaa,,Q390159,126,,https://database.factgrid.de/entity/Q390159,,,/Users/aa/Downloads/AncientSettlement_CDLI2.csv
,,Abū Ṭbīrah,,Q2074169,678,,https://database.factgrid.de/entity/Q2074169,,,/Users/aa/Downloads/AncientSettlement_CDLI2.csv
,,Abū Jāmūs,,Q2099891,664,,https://database.factgrid.de/entity/Q2099891,,,/Users/aa/Downloads/AncientSettlement_CDLI2.csv
,,Adilcevaz,,Q2099894,659,,https://database.factgrid.de/entity/Q2099894,,,/Users/aa/Downloads/AncientSettlement_CDLI2.csv
,,Tripoli,,Q2099896,647,,https://database.factgrid.de/entity/Q2099896,,,/Users/aa/Downloads/AncientSettlement_CDLI2.csv
,,Āl-šarri,,Q2099899,445,,https://database.factgrid.de/entity/Q2099899,,,/Users/aa/Downloads/AncientSettlement_CDLI2.csv
,,Āl-šarri-ša-qašti-eššeti,,Q2099900,446,,https://database.factgrid.de/entity/Q2099900,,,/Users/aa/Downloads/AncientSettlement_CDLI2.csv
,,Alu-binatu,,Q2099901,267,,https://database.factgrid.de/entity/Q2099901,,,/Users/aa/Downloads/AncientSettlement_CDLI2.csv
,,Alu-eššu,,Q2099902,287,,https://database.factgrid.de/entity/Q2099902,,,/Users/aa/Downloads/AncientSettlement_CDLI2.csv
,,Apšu,,Q2099907,1022,,https://database.factgrid.de/entity/Q2099907,,,/Users/aa/Downloads/AncientSettlement_CDLI2.csv
,,Aqabi,,Q2099909,407,,https://database.factgrid.de/entity/Q2099909,,,/Users/aa/Downloads/AncientSettlement_CDLI2.csv
,,Bīt-Abī-rām,,Q2099914,367,,https://database.factgrid.de/entity/Q2099914,,,/Users/aa/Downloads/AncientSettlement_CDLI2.csv
,,Bīt-Našar,,Q2099922,370,,https://database.factgrid.de/entity/Q2099922,,,/Users/aa/Downloads/AncientSettlement_CDLI2.csv
,,Chenar-e Pain,,Q2099929,653,,https://database.factgrid.de/entity/Q2099929,,,/Users/aa/Downloads/AncientSettlement_CDLI2.csv
,,Chia Puikeh,,Q2099930,655,,https://database.factgrid.de/entity/Q2099930,,,/Users/aa/Downloads/AncientSettlement_CDLI2.csv
,,Du-Enlila,,Q2099931,378,,https://database.factgrid.de/entity/Q2099931,,,/Users/aa/Downloads/AncientSettlement_CDLI2.csv
,,Elammu,,Q2099935,258,,https://database.factgrid.de/entity/Q2099935,,,/Users/aa/Downloads/AncientSettlement_CDLI2.csv
,,Eskiharran,,Q2099937,738,,https://database.factgrid.de/entity/Q2099937,,,/Users/aa/Downloads/AncientSettlement_CDLI2.csv
,,Ḫadiranu-ša-Nabu,,Q2099944,274,,https://database.factgrid.de/entity/Q2099944,,,/Users/aa/Downloads/AncientSettlement_CDLI2.csv
,,Hamat,,Q2099946,383,,https://database.factgrid.de/entity/Q2099946,,,/Users/aa/Downloads/AncientSettlement_CDLI2.csv
,,Hazatu,,Q2099948,385,,https://database.factgrid.de/entity/Q2099948,,,/Users/aa/Downloads/AncientSettlement_CDLI2.csv
,,Himuru,,Q2099950,386,,https://database.factgrid.de/entity/Q2099950,,,/Users/aa/Downloads/AncientSettlement_CDLI2.csv
,,Hisartepe,,Q2099951,724,,https://database.factgrid.de/entity/Q2099951,,,/Users/aa/Downloads/AncientSettlement_CDLI2.csv
,,Hour Soleiman,,Q2099952,654,,https://database.factgrid.de/entity/Q2099952,,,/Users/aa/Downloads/AncientSettlement_CDLI2.csv
,,Idfū,,Q2099955,736,,https://database.factgrid.de/entity/Q2099955,,,/Users/aa/Downloads/AncientSettlement_CDLI2.csv
,,Irákleio,,Q2099957,718,,https://database.factgrid.de/entity/Q2099957,,,/Users/aa/Downloads/AncientSettlement_CDLI2.csv
,,Kašši...,,Q2099963,388,,https://database.factgrid.de/entity/Q2099963,,,/Users/aa/Downloads/AncientSettlement_CDLI2.csv
,,Ma'allanate,,Q2099972,393,,https://database.factgrid.de/entity/Q2099972,,,/Users/aa/Downloads/AncientSettlement_CDLI2.csv
,,Qāṭīnu,,Q2099983,397,,https://database.factgrid.de/entity/Q2099983,,,/Users/aa/Downloads/AncientSettlement_CDLI2.csv
,,Šaḫrinu,,Q2099988,87,,https://database.factgrid.de/entity/Q2099988,,,/Users/aa/Downloads/AncientSettlement_CDLI2.csv
,,Šuppatu,,Q2099993,1019,,https://database.factgrid.de/entity/Q2099993,,,/Users/aa/Downloads/AncientSettlement_CDLI2.csv
,,Tag,,Q2099998,617,,https://database.factgrid.de/entity/Q2099998,,,/Users/aa/Downloads/AncientSettlement_CDLI2.csv
,,Tall Abū al-Dhahab,,Q2099999,658,,https://database.factgrid.de/entity/Q2099999,,,/Users/aa/Downloads/AncientSettlement_CDLI2.csv
,,Tall Āfis,,Q2100000,661,,https://database.factgrid.de/entity/Q2100000,,,/Users/aa/Downloads/AncientSettlement_CDLI2.csv
,,Tall al-Ḍabʻa,,Q2100001,722,,https://database.factgrid.de/entity/Q2100001,,,/Users/aa/Downloads/AncientSettlement_CDLI2.csv
,,Tall al-Qaddīsah Barbārah,,Q2100004,634,,https://database.factgrid.de/entity/Q2100004,,,/Users/aa/Downloads/AncientSettlement_CDLI2.csv
,,Tall Bāzy,,Q2100005,692,,https://database.factgrid.de/entity/Q2100005,,,/Users/aa/Downloads/AncientSettlement_CDLI2.csv
,,Tall Bint al-Amīr,,Q2100006,685,,https://database.factgrid.de/entity/Q2100006,,,/Users/aa/Downloads/AncientSettlement_CDLI2.csv
,,Tall Ḥadwat al-Faras,,Q2100007,766,,https://database.factgrid.de/entity/Q2100007,,,/Users/aa/Downloads/AncientSettlement_CDLI2.csv
,,Tall-I Nokhodi,,Q2100012,649,,https://database.factgrid.de/entity/Q2100012,,,/Users/aa/Downloads/AncientSettlement_CDLI2.csv
,,Tel Hebron,,Q2100015,771,,https://database.factgrid.de/entity/Q2100015,,,/Users/aa/Downloads/AncientSettlement_CDLI2.csv
,,Tell Abu Galgal,,Q2100016,645,,https://database.factgrid.de/entity/Q2100016,,,/Users/aa/Downloads/AncientSettlement_CDLI2.csv
,,Tell Bāshir,,Q2100018,650,,https://database.factgrid.de/entity/Q2100018,,,/Users/aa/Downloads/AncientSettlement_CDLI2.csv
,,Tell Kar,,Q2100020,641,,https://database.factgrid.de/entity/Q2100020,,,/Users/aa/Downloads/AncientSettlement_CDLI2.csv
,,Tulūl al-Fāj,,Q2100028,660,,https://database.factgrid.de/entity/Q2100028,,,/Users/aa/Downloads/AncientSettlement_CDLI2.csv
,,Tulūl al-Khāldiyah,,Q2100029,949,,https://database.factgrid.de/entity/Q2100029,,,/Users/aa/Downloads/AncientSettlement_CDLI2.csv
,,Tulūl Bismāyah,,Q2100030,706,,https://database.factgrid.de/entity/Q2100030,,,/Users/aa/Downloads/AncientSettlement_CDLI2.csv
,,Yāhūdu,,Q2100037,406,,https://database.factgrid.de/entity/Q2100037,,,/Users/aa/Downloads/AncientSettlement_CDLI2.csv
,,Ηeraio Samou,,Q2100042,780,,https://database.factgrid.de/entity/Q2100042,,,/Users/aa/Downloads/AncientSettlement_CDLI2.csv
,,Hillah,,Q86331,53,,https://database.factgrid.de/entity/Q86331,,,/Users/aa/Downloads/AncientSettlement_CDLI2.csv
,,Samarra,,Q91165,282,,https://database.factgrid.de/entity/Q91165,,,/Users/aa/Downloads/AncientSettlement_CDLI2.csv
,,Adab (mod. Bismaya),,Q389603,252,,https://database.factgrid.de/entity/Q389603,,,/Users/aa/Downloads/AncientSettlement_CDLI2.csv
,,Kourion (mod. Cyprus),,Q389604,375,,https://database.factgrid.de/entity/Q389604,,,/Users/aa/Downloads/AncientSettlement_CDLI2.csv
,,Lacarna,,Q389605,417,,https://database.factgrid.de/entity/Q389605,,,/Users/aa/Downloads/AncientSettlement_CDLI2.csv
,,"Abdju (mod. Abydos, Egypt)",,Q389607,104,,https://database.factgrid.de/entity/Q389607,,,/Users/aa/Downloads/AncientSettlement_CDLI2.csv
,,El-Khargeh,,Q389609,409,,https://database.factgrid.de/entity/Q389609,,,/Users/aa/Downloads/AncientSettlement_CDLI2.csv
,,Tell el-Maskuta,,Q389613,438,,https://database.factgrid.de/entity/Q389613,,,/Users/aa/Downloads/AncientSettlement_CDLI2.csv
,,Tell el-Hesi,,Q389645,437,,https://database.factgrid.de/entity/Q389645,,,/Users/aa/Downloads/AncientSettlement_CDLI2.csv
,,Tas-Silg,,Q389649,259,,https://database.factgrid.de/entity/Q389649,,,/Users/aa/Downloads/AncientSettlement_CDLI2.csv
,,Gherla,,Q389650,412,,https://database.factgrid.de/entity/Q389650,,,/Users/aa/Downloads/AncientSettlement_CDLI2.csv
,,Samerina (mod. Samaria),,Q389651,398,,https://database.factgrid.de/entity/Q389651,,,/Users/aa/Downloads/AncientSettlement_CDLI2.csv
,,Halicarnassus,,Q389653,382,,https://database.factgrid.de/entity/Q389653,,,/Users/aa/Downloads/AncientSettlement_CDLI2.csv
,,Zippori,,Q389673,307,,https://database.factgrid.de/entity/Q389673,,,/Users/aa/Downloads/AncientSettlement_CDLI2.csv
,,Tepe Yahya,,Q389697,67,,https://database.factgrid.de/entity/Q389697,,,/Users/aa/Downloads/AncientSettlement_CDLI2.csv
,,Pārśa (mod. Persepolis),,Q389698,92,,https://database.factgrid.de/entity/Q389698,,,/Users/aa/Downloads/AncientSettlement_CDLI2.csv
,,Tangivar,,Q389703,429,,https://database.factgrid.de/entity/Q389703,,,/Users/aa/Downloads/AncientSettlement_CDLI2.csv
,,Dur-Untaš (mod. Chogha Zanbil),,Q389709,109,,https://database.factgrid.de/entity/Q389709,,,/Users/aa/Downloads/AncientSettlement_CDLI2.csv
,,Deh-e No,,Q389713,206,,https://database.factgrid.de/entity/Q389713,,,/Users/aa/Downloads/AncientSettlement_CDLI2.csv
,,Cave Kalm-karra,,Q389733,65,,https://database.factgrid.de/entity/Q389733,,,/Users/aa/Downloads/AncientSettlement_CDLI2.csv
,,mod. Mount Elvend,,Q389737,420,,https://database.factgrid.de/entity/Q389737,,,/Users/aa/Downloads/AncientSettlement_CDLI2.csv
,,Godin Tepe,,Q389738,97,,https://database.factgrid.de/entity/Q389738,,,/Users/aa/Downloads/AncientSettlement_CDLI2.csv
,,Armavir,,Q389748,735,,https://database.factgrid.de/entity/Q389748,,,/Users/aa/Downloads/AncientSettlement_CDLI2.csv
,,Tall al-Farḥa,,Q389773,428,,https://database.factgrid.de/entity/Q389773,,,/Users/aa/Downloads/AncientSettlement_CDLI2.csv
,,Ḫadatu (mod. Arslan Tash),,Q389789,35,,https://database.factgrid.de/entity/Q389789,,,/Users/aa/Downloads/AncientSettlement_CDLI2.csv
,,Ishān Dulaiyhim,,Q389801,730,,https://database.factgrid.de/entity/Q389801,,,/Users/aa/Downloads/AncientSettlement_CDLI2.csv
,,Tell Abu-Maria,,Q389803,185,,https://database.factgrid.de/entity/Q389803,,,/Users/aa/Downloads/AncientSettlement_CDLI2.csv
,,Šibaniba (mod. Tell Billa),,Q389804,526,,https://database.factgrid.de/entity/Q389804,,,/Users/aa/Downloads/AncientSettlement_CDLI2.csv
,,Sela,,Q389812,424,,https://database.factgrid.de/entity/Q389812,,,/Users/aa/Downloads/AncientSettlement_CDLI2.csv
,,Dharan,,Q389814,106,,https://database.factgrid.de/entity/Q389814,,,/Users/aa/Downloads/AncientSettlement_CDLI2.csv
,,Bardi Sanjian Bitwata,,Q389824,108,,https://database.factgrid.de/entity/Q389824,,,/Users/aa/Downloads/AncientSettlement_CDLI2.csv
,,Borsippa (mod. Birs Nimrud),,Q389825,83,,https://database.factgrid.de/entity/Q389825,,,/Users/aa/Downloads/AncientSettlement_CDLI2.csv
,,Brissa,,Q389826,408,,https://database.factgrid.de/entity/Q389826,,,/Users/aa/Downloads/AncientSettlement_CDLI2.csv
,,Beisan,,Q389830,231,,https://database.factgrid.de/entity/Q389830,,,/Users/aa/Downloads/AncientSettlement_CDLI2.csv
,,Girsu (mod. Tello),,Q389832,88,,https://database.factgrid.de/entity/Q389832,,,/Users/aa/Downloads/AncientSettlement_CDLI2.csv
,,Tappeh Bormi,,Q389834,77,,https://database.factgrid.de/entity/Q389834,,,/Users/aa/Downloads/AncientSettlement_CDLI2.csv
,,Tikrit,,Q389839,183,,https://database.factgrid.de/entity/Q389839,,,/Users/aa/Downloads/AncientSettlement_CDLI2.csv
,,Pašime (mod. Tell Abu Sheeja),,Q389842,396,,https://database.factgrid.de/entity/Q389842,,,/Users/aa/Downloads/AncientSettlement_CDLI2.csv
,,Tell Agrab,,Q389852,102,,https://database.factgrid.de/entity/Q389852,,,/Users/aa/Downloads/AncientSettlement_CDLI2.csv
,,Tell As-Sib,,Q389861,75,,https://database.factgrid.de/entity/Q389861,,,/Users/aa/Downloads/AncientSettlement_CDLI2.csv
,,Tell Ubaid,,Q389866,226,,https://database.factgrid.de/entity/Q389866,,,/Users/aa/Downloads/AncientSettlement_CDLI2.csv
,,Tell Baradan,,Q389887,431,,https://database.factgrid.de/entity/Q389887,,,/Users/aa/Downloads/AncientSettlement_CDLI2.csv
,,Tell Jidr,,Q389892,318,,https://database.factgrid.de/entity/Q389892,,,/Users/aa/Downloads/AncientSettlement_CDLI2.csv
,,Shaduppum,,Q389895,96,,https://database.factgrid.de/entity/Q389895,,,/Users/aa/Downloads/AncientSettlement_CDLI2.csv
,,Tell Huweish,,Q389901,95,,https://database.factgrid.de/entity/Q389901,,,/Users/aa/Downloads/AncientSettlement_CDLI2.csv
,,Puzriš-Dagan (mod. Drehem),,Q389903,160,,https://database.factgrid.de/entity/Q389903,,,/Users/aa/Downloads/AncientSettlement_CDLI2.csv
,,Tell Taban,,Q389915,34,,https://database.factgrid.de/entity/Q389915,,,/Users/aa/Downloads/AncientSettlement_CDLI2.csv
,,Unqi,,Q389916,90,,https://database.factgrid.de/entity/Q389916,,,/Users/aa/Downloads/AncientSettlement_CDLI2.csv
,,Tell Abta,,Q389918,257,,https://database.factgrid.de/entity/Q389918,,,/Users/aa/Downloads/AncientSettlement_CDLI2.csv
,,Šaddikanni (mod. Tell Ajaja),,Q389920,118,,https://database.factgrid.de/entity/Q389920,,,/Users/aa/Downloads/AncientSettlement_CDLI2.csv
,,Tell Ghdairife,,Q389926,295,,https://database.factgrid.de/entity/Q389926,,,/Users/aa/Downloads/AncientSettlement_CDLI2.csv
,,Šuruppak (mod. Fara),,Q389927,54,,https://database.factgrid.de/entity/Q389927,,,/Users/aa/Downloads/AncientSettlement_CDLI2.csv
,,Ebla (mod. Tell Mardikh),,Q389938,79,,https://database.factgrid.de/entity/Q389938,,,/Users/aa/Downloads/AncientSettlement_CDLI2.csv
,,Tema (mod. Tayma),,Q389952,402,,https://database.factgrid.de/entity/Q389952,,,/Users/aa/Downloads/AncientSettlement_CDLI2.csv
,,Haradum (mod. Khirbet ed-Diniye),,Q389967,276,,https://database.factgrid.de/entity/Q389967,,,/Users/aa/Downloads/AncientSettlement_CDLI2.csv
,,Dur-Šarrukin (mod. Khorsabad),,Q389969,290,,https://database.factgrid.de/entity/Q389969,,,/Users/aa/Downloads/AncientSettlement_CDLI2.csv
,,Dibba,,Q389970,729,,https://database.factgrid.de/entity/Q389970,,,/Users/aa/Downloads/AncientSettlement_CDLI2.csv
,,Dohuk,,Q389972,164,,https://database.factgrid.de/entity/Q389972,,,/Users/aa/Downloads/AncientSettlement_CDLI2.csv
,,Failaka,,Q389985,410,,https://database.factgrid.de/entity/Q389985,,,/Users/aa/Downloads/AncientSettlement_CDLI2.csv
,,Shishin,,Q389990,444,,https://database.factgrid.de/entity/Q389990,,,/Users/aa/Downloads/AncientSettlement_CDLI2.csv
,,Tuz Hurmati,,Q389996,89,,https://database.factgrid.de/entity/Q389996,,,/Users/aa/Downloads/AncientSettlement_CDLI2.csv
,,Kish (mod. Tell el-Bender),,Q390014,184,,https://database.factgrid.de/entity/Q390014,,,/Users/aa/Downloads/AncientSettlement_CDLI2.csv
,,Nimrud,,Q390020,81,,https://database.factgrid.de/entity/Q390020,,,/Users/aa/Downloads/AncientSettlement_CDLI2.csv
,,Nahr el-Kelb,,Q390023,292,,https://database.factgrid.de/entity/Q390023,,,/Users/aa/Downloads/AncientSettlement_CDLI2.csv
,,Nineveh,,Q390025,279,,https://database.factgrid.de/entity/Q390025,,,/Users/aa/Downloads/AncientSettlement_CDLI2.csv
,,Tilmen Höyük,,Q390041,440,,https://database.factgrid.de/entity/Q390041,,,/Users/aa/Downloads/AncientSettlement_CDLI2.csv
,,Erek Daǧ,,Q390142,742,,https://database.factgrid.de/entity/Q390142,,,/Users/aa/Downloads/AncientSettlement_CDLI2.csv
,,Ozbaki,,Q390165,64,,https://database.factgrid.de/entity/Q390165,,,/Users/aa/Downloads/AncientSettlement_CDLI2.csv
,,Äl-Mušēzib-Marduk,,Q2099897,1024,,https://database.factgrid.de/entity/Q2099897,,,/Users/aa/Downloads/AncientSettlement_CDLI2.csv
,,Ālu-ša-Našar,,Q2099903,447,,https://database.factgrid.de/entity/Q2099903,,,/Users/aa/Downloads/AncientSettlement_CDLI2.csv
,,Ālu-ša-Ṭūb-Yāma,,Q2099905,448,,https://database.factgrid.de/entity/Q2099905,,,/Users/aa/Downloads/AncientSettlement_CDLI2.csv
,,Aqa,,Q2099908,57,,https://database.factgrid.de/entity/Q2099908,,,/Users/aa/Downloads/AncientSettlement_CDLI2.csv
,,Arinçkus,,Q2099910,673,,https://database.factgrid.de/entity/Q2099910,,,/Users/aa/Downloads/AncientSettlement_CDLI2.csv
,,Bāb-ṣubbāti,,Q2099912,366,,https://database.factgrid.de/entity/Q2099912,,,/Users/aa/Downloads/AncientSettlement_CDLI2.csv
,,Baḫe,,Q2099913,316,,https://database.factgrid.de/entity/Q2099913,,,/Users/aa/Downloads/AncientSettlement_CDLI2.csv
,,Bit-Šaḫṭu,,Q2099924,197,,https://database.factgrid.de/entity/Q2099924,,,/Users/aa/Downloads/AncientSettlement_CDLI2.csv
,,Epurasie,,Q2099936,80,,https://database.factgrid.de/entity/Q2099936,,,/Users/aa/Downloads/AncientSettlement_CDLI2.csv
,,GARIN-naḫallum,,Q2099940,41,,https://database.factgrid.de/entity/Q2099940,,,/Users/aa/Downloads/AncientSettlement_CDLI2.csv
,,Gišši,,Q2099942,103,,https://database.factgrid.de/entity/Q2099942,,,/Users/aa/Downloads/AncientSettlement_CDLI2.csv
,,Gur-e Sefid,,Q2099943,1015,,https://database.factgrid.de/entity/Q2099943,,,/Users/aa/Downloads/AncientSettlement_CDLI2.csv
,,Kapri-ša-naqidati,,Q2099959,182,,https://database.factgrid.de/entity/Q2099959,,,/Users/aa/Downloads/AncientSettlement_CDLI2.csv
,,Kazallu,,Q2099964,193,,https://database.factgrid.de/entity/Q2099964,,,/Users/aa/Downloads/AncientSettlement_CDLI2.csv
,,Kerman,,Q2099965,614,,https://database.factgrid.de/entity/Q2099965,,,/Users/aa/Downloads/AncientSettlement_CDLI2.csv
,,Kūm Dafnah,,Q2099967,725,,https://database.factgrid.de/entity/Q2099967,,,/Users/aa/Downloads/AncientSettlement_CDLI2.csv
,,Lahir,,Q2099970,9,,https://database.factgrid.de/entity/Q2099970,,,/Users/aa/Downloads/AncientSettlement_CDLI2.csv
,,Lchashen,,Q2099971,843,,https://database.factgrid.de/entity/Q2099971,,,/Users/aa/Downloads/AncientSettlement_CDLI2.csv
,,Mahmudiyah,,Q2099974,418,,https://database.factgrid.de/entity/Q2099974,,,/Users/aa/Downloads/AncientSettlement_CDLI2.csv
,,Merj Khamis,,Q2099975,419,,https://database.factgrid.de/entity/Q2099975,,,/Users/aa/Downloads/AncientSettlement_CDLI2.csv
,,Qufṭ,,Q2099985,906,,https://database.factgrid.de/entity/Q2099985,,,/Users/aa/Downloads/AncientSettlement_CDLI2.csv
,,Sagub,,Q2099987,255,,https://database.factgrid.de/entity/Q2099987,,,/Users/aa/Downloads/AncientSettlement_CDLI2.csv
,,Ṣan al-Hagar,,Q2099990,950,,https://database.factgrid.de/entity/Q2099990,,,/Users/aa/Downloads/AncientSettlement_CDLI2.csv
,,Šūru,,Q2099996,644,,https://database.factgrid.de/entity/Q2099996,,,/Users/aa/Downloads/AncientSettlement_CDLI2.csv
,,Tell Abu Nakhlab,,Q2100017,8,,https://database.factgrid.de/entity/Q2100017,,,/Users/aa/Downloads/AncientSettlement_CDLI2.csv
,,Tell Basmaya,,Q2100019,1012,,https://database.factgrid.de/entity/Q2100019,,,/Users/aa/Downloads/AncientSettlement_CDLI2.csv
,,Tulūl Abū ‘Aẓam,,Q2100027,945,,https://database.factgrid.de/entity/Q2100027,,,/Users/aa/Downloads/AncientSettlement_CDLI2.csv
,,Uluburun,,Q2100035,442,,https://database.factgrid.de/entity/Q2100035,,,/Users/aa/Downloads/AncientSettlement_CDLI2.csv
,,Yanik Tepe,,Q2100039,638,,https://database.factgrid.de/entity/Q2100039,,,/Users/aa/Downloads/AncientSettlement_CDLI2.csv
,,Yorgan Tepe,,Q2100040,222,,https://database.factgrid.de/entity/Q2100040,,,/Users/aa/Downloads/AncientSettlement_CDLI2.csv
,,Za'aleh,,Q2100041,122,,https://database.factgrid.de/entity/Q2100041,,,/Users/aa/Downloads/AncientSettlement_CDLI2.csv
,,Tarsus,,Q389662,758,,https://database.factgrid.de/entity/Q389662,,,/Users/aa/Downloads/AncientSettlement_CDLI2.csv
,,Tall Kazal,,Q389932,841,,https://database.factgrid.de/entity/Q389932,,,/Users/aa/Downloads/AncientSettlement_CDLI2.csv
,,Kāmid al-Lūz,,Q390008,798,,https://database.factgrid.de/entity/Q390008,,,/Users/aa/Downloads/AncientSettlement_CDLI2.csv
,,Kish (mod. Tell el-Bender),,Q390014,833,,https://database.factgrid.de/entity/Q390014,,,/Users/aa/Downloads/AncientSettlement_CDLI2.csv
,,Nineveh,,Q390025,881,,https://database.factgrid.de/entity/Q390025,,,/Users/aa/Downloads/AncientSettlement_CDLI2.csv
,,Kayalıpınar,,Q390038,800,,https://database.factgrid.de/entity/Q390038,,,/Users/aa/Downloads/AncientSettlement_CDLI2.csv
,,Al-Rammāḥīyah,,Q2099898,911,,https://database.factgrid.de/entity/Q2099898,,,/Users/aa/Downloads/AncientSettlement_CDLI2.csv
,,Bit-bari,,Q2099916,1008,,https://database.factgrid.de/entity/Q2099916,,,/Users/aa/Downloads/AncientSettlement_CDLI2.csv
,,Bīt-Ḫaḫḫūru,,Q2099918,1020,,https://database.factgrid.de/entity/Q2099918,,,/Users/aa/Downloads/AncientSettlement_CDLI2.csv
,,Bit-kunanu,,Q2099921,1007,,https://database.factgrid.de/entity/Q2099921,,,/Users/aa/Downloads/AncientSettlement_CDLI2.csv
,,Chamchamal,,Q2099928,1011,,https://database.factgrid.de/entity/Q2099928,,,/Users/aa/Downloads/AncientSettlement_CDLI2.csv
,,El Geraineh,,Q2099934,1021,,https://database.factgrid.de/entity/Q2099934,,,/Users/aa/Downloads/AncientSettlement_CDLI2.csv
,,Galgameš,,Q2099939,1006,,https://database.factgrid.de/entity/Q2099939,,,/Users/aa/Downloads/AncientSettlement_CDLI2.csv
,,Haikavank,,Q2099945,770,,https://database.factgrid.de/entity/Q2099945,,,/Users/aa/Downloads/AncientSettlement_CDLI2.csv
,,Haṭru,,Q2099947,1009,,https://database.factgrid.de/entity/Q2099947,,,/Users/aa/Downloads/AncientSettlement_CDLI2.csv
,,İnandık,,Q2099956,789,,https://database.factgrid.de/entity/Q2099956,,,/Users/aa/Downloads/AncientSettlement_CDLI2.csv
,,Īzah,,Q2099958,790,,https://database.factgrid.de/entity/Q2099958,,,/Users/aa/Downloads/AncientSettlement_CDLI2.csv
,,Kocapınar,,Q2099966,976,,https://database.factgrid.de/entity/Q2099966,,,/Users/aa/Downloads/AncientSettlement_CDLI2.csv
,,Petronell-Carnuntum,,Q2099980,1014,,https://database.factgrid.de/entity/Q2099980,,,/Users/aa/Downloads/AncientSettlement_CDLI2.csv
,,Qantīr,,Q2099981,903,,https://database.factgrid.de/entity/Q2099981,,,/Users/aa/Downloads/AncientSettlement_CDLI2.csv
,,Quwakh Tapeh,,Q2099986,1023,,https://database.factgrid.de/entity/Q2099986,,,/Users/aa/Downloads/AncientSettlement_CDLI2.csv
,,Saḫrītu,,Q2099989,1018,,https://database.factgrid.de/entity/Q2099989,,,/Users/aa/Downloads/AncientSettlement_CDLI2.csv
,,Shapiya,,Q2099992,924,,https://database.factgrid.de/entity/Q2099992,,,/Users/aa/Downloads/AncientSettlement_CDLI2.csv
,,Šušan,,Q2099997,1017,,https://database.factgrid.de/entity/Q2099997,,,/Users/aa/Downloads/AncientSettlement_CDLI2.csv
,,Tall al-Gharrān,,Q2100002,753,,https://database.factgrid.de/entity/Q2100002,,,/Users/aa/Downloads/AncientSettlement_CDLI2.csv
,,Tall al-Nabī Mandū,,Q2100003,899,,https://database.factgrid.de/entity/Q2100003,,,/Users/aa/Downloads/AncientSettlement_CDLI2.csv
,,Tall Kozkhān,,Q2100008,827,,https://database.factgrid.de/entity/Q2100008,,,/Users/aa/Downloads/AncientSettlement_CDLI2.csv
,,Tall Nūyaja,,Q2100009,874,,https://database.factgrid.de/entity/Q2100009,,,/Users/aa/Downloads/AncientSettlement_CDLI2.csv
,,Tall S‘aīd,,Q2100010,915,,https://database.factgrid.de/entity/Q2100010,,,/Users/aa/Downloads/AncientSettlement_CDLI2.csv
,,Tall Warīsh,,Q2100011,996,,https://database.factgrid.de/entity/Q2100011,,,/Users/aa/Downloads/AncientSettlement_CDLI2.csv
,,Tel Duweihes,,Q2100013,960,,https://database.factgrid.de/entity/Q2100013,,,/Users/aa/Downloads/AncientSettlement_CDLI2.csv
,,Tel Gamma,,Q2100014,793,,https://database.factgrid.de/entity/Q2100014,,,/Users/aa/Downloads/AncientSettlement_CDLI2.csv
,,Tell Kirbāsi,,Q2100022,1010,,https://database.factgrid.de/entity/Q2100022,,,/Users/aa/Downloads/AncientSettlement_CDLI2.csv
,,Tiryntha,,Q2100024,967,,https://database.factgrid.de/entity/Q2100024,,,/Users/aa/Downloads/AncientSettlement_CDLI2.csv
,,Ṭūd,,Q2100025,975,,https://database.factgrid.de/entity/Q2100025,,,/Users/aa/Downloads/AncientSettlement_CDLI2.csv
,,Tulūl ‘Adāy,,Q2100026,946,,https://database.factgrid.de/entity/Q2100026,,,/Users/aa/Downloads/AncientSettlement_CDLI2.csv
,,Tulūl Kubībah,,Q2100031,1016,,https://database.factgrid.de/entity/Q2100031,,,/Users/aa/Downloads/AncientSettlement_CDLI2.csv
,,Uluşar,,Q2100036,825,,https://database.factgrid.de/entity/Q2100036,,,/Users/aa/Downloads/AncientSettlement_CDLI2.csv
,,Yalındüz,,Q2100038,951,,https://database.factgrid.de/entity/Q2100038,,,/Users/aa/Downloads/AncientSettlement_CDLI2.csv
,,Новый Кумак,,Q2100043,880,,https://database.factgrid.de/entity/Q2100043,,,/Users/aa/Downloads/AncientSettlement_CDLI2.csv
